eventID,thickness_um,bn_wt,zns_wt,capture_x_um,capture_y_um,corr_x_um,corr_y_um,depth_um
3,200,1,1,4358.83,-4163.33,0,0,178.403
4,200,1,1,-1668.62,1631.15,0,0,29.6712
25,200,1,1,1696.58,-1418.39,0,0,27.9812
26,200,1,1,-4211.93,-2507.37,485.941,265.994,10.0215
31,200,1,1,4484.87,4745.46,0,0,87.7722
34,200,1,1,-3727.48,3359.87,0,0,145.554
38,200,1,1,-380.494,-1933.27,0,0,171.697
45,200,1,1,2889.89,2212.86,0,0,182.072
46,200,1,1,1632.14,2212.39,0,0,157.612
47,200,1,1,4138.42,4697.75,0,0,66.3304
63,200,1,1,3634.72,-4819.52,0,0,115.743
71,200,1,1,1088.21,-2063.66,0,0,124.435
74,200,1,1,1178.1,-4167.31,0,0,84.3191
79,200,1,1,-1433.74,-3492.98,0,0,126.848
81,200,1,1,-1704.99,-3421.99,0,0,136.738
86,200,1,1,3437.17,3808.46,0,0,27.5923
101,200,1,1,-2817.96,3012.82,0,0,196.477
104,200,1,1,-3.852,362.449,0,0,186.317
105,200,1,1,-946.149,-4942.59,0,0,92.1842
106,200,1,1,-3192.03,1276.77,0,0,134.994
122,200,1,1,3316.03,3773.55,0,0,49.4695
126,200,1,1,185.928,2516.12,0,0,84.3446
128,200,1,1,-3104.89,-65.4669,0,0,11.3067
130,200,1,1,-3981.4,-3001.95,0,0,40.6275
143,200,1,1,-2508.74,4431.62,0,0,48.9175
146,200,1,1,2520.88,-1338.57,0,0,139.676
149,200,1,1,-2054.45,-2055.96,0,0,39.4241
155,200,1,1,4004.54,-4846.45,0,0,139.669
156,200,1,1,-1428.12,-4687.59,0,0,161.288
160,200,1,1,-638.859,3278.37,0,0,142.129
164,200,1,1,-3567.09,4870.95,0,0,28.4511
168,200,1,1,1922.44,-3280.56,0,0,99.6366
169,200,1,1,-3055.09,-124.665,0,0,176.06
172,200,1,1,-555.561,1582.51,0,0,107.604
173,200,1,1,-1087.78,4004.59,0,0,144.011
177,200,1,1,4816.21,-3955.01,0,0,30.8577
181,200,1,1,3149.61,-2545.33,0,0,196.535
186,200,1,1,-2573.33,-2249.06,0,0,54.3933
187,200,1,1,1390.32,2737.88,0,0,66.6593
188,200,1,1,2666.4,-2099.32,0,0,134.58
192,200,1,1,-546.495,-369.373,0,0,176.897
194,200,1,1,-4577.19,1306.2,0,0,69.2538
205,200,1,1,1562.33,4391.33,0,0,39.0925
215,200,1,1,-660.484,3763.29,0,0,26.3593
217,200,1,1,-2828.12,4941.02,0,0,135.689
218,200,1,1,2817.96,-162.101,0,0,16.5685
219,200,1,1,-1145.95,872.866,0,0,123.491
222,200,1,1,-4330.13,199.606,0,0,177.896
226,200,1,1,-135.651,-3437.54,0,0,130.313
246,200,1,1,3071.85,-3608.84,0,0,96.0422
249,200,1,1,1742.7,2830.06,0,0,98.4369
250,200,1,1,2703.81,589.392,0,0,173.755
253,200,1,1,2624.26,-4997.76,0,0,126.221
261,200,1,1,-1009.78,-4644.06,0,0,55.9888
266,200,1,1,-703.588,-1228.43,0,0,39.4985
268,200,1,1,-3260.7,3169.42,0,0,30.7893
271,200,1,1,-2073.17,3401.33,0,0,84.3928
282,200,1,1,4059.28,1402.07,0,0,183.92
288,200,1,1,-102.238,-314.719,0,0,157.556
293,200,1,1,4451.53,3328.24,0,0,58.9543
296,200,1,1,-3539.84,-1044.66,9.06471,-18.2049,76.2973
302,200,1,1,659.072,-4055.79,0,0,76.9692
305,200,1,1,-4143.72,-2665.55,0,0,68.2876
308,200,1,1,-2380.12,392.858,0,0,13.7893
311,200,1,1,2395.04,-3231.87,0,0,25.4551
320,200,1,1,1672.7,-113.384,0,0,23.1681
324,200,1,1,278.613,-4608.99,0,0,100.884
328,200,1,1,-922.886,-2370.3,0,0,52.4549
336,200,1,1,-254.246,-3753.62,0,0,152.148
341,200,1,1,1823.73,435.16,0,0,104.15
342,200,1,1,864.068,-4213.59,0,0,65.2589
346,200,1,1,2655.31,2601.77,0,0,24.7994
354,200,1,1,70.9839,4847.93,0,0,14.8437
360,200,1,1,1826.23,-1216.59,0,0,180.526
373,200,1,1,-4888.34,-4323.89,0,0,185.228
376,200,1,1,-3493.22,878.055,0,0,173.768
382,200,1,1,-3120.32,-905.697,0,0,184.97
387,200,1,1,-1960.62,2713.27,0,0,70.3909
393,200,1,1,4048.66,-3748.2,0,0,109.408
396,200,1,1,-95.4712,-115.44,0,0,62.8628
400,200,1,1,-903.15,-4384.05,0,0,148.372
405,200,1,1,-1104.8,4244.35,0,0,15.3463
407,200,1,1,3237.5,2375.87,0,0,134.664
409,200,1,1,-1083.39,-3504.88,0,0,104.124
410,200,1,1,4642.03,-4871.3,0,0,100.688
411,200,1,1,242.983,2938.27,0,0,7.05929
412,200,1,1,3816.54,2066.87,0,0,161.643
420,200,1,1,4949.59,2254.78,0,0,157.465
426,200,1,1,952.006,-4395.1,0,0,98.0426
435,200,1,1,1353.03,1814.64,0,0,52.0462
440,200,1,1,973.411,-670.525,0,0,129.637
442,200,1,1,-131.176,-2296.42,0,0,124.082
444,200,1,1,-1164.64,3839.89,0,0,23.0526
446,200,1,1,4775.84,-2759.66,0,0,190.845
447,200,1,1,958.435,-1991.94,42.739,-339.117,64.8751
449,200,1,1,754.811,3882.57,0,0,44.6891
451,200,1,1,-2096.83,2994.07,0,0,55.4285
458,200,1,1,-3600.29,2236.04,0,0,89.9454
465,200,1,1,2508.44,3704.18,0,0,25.8046
467,200,1,1,-1045.74,197.537,0,0,65.6899
473,200,1,1,3165.49,4540.13,0,0,22.9198
474,200,1,1,-1487.79,575.796,0,0,24.8643
478,200,1,1,-3265.14,-4139.39,0,0,73.0744
479,200,1,1,-4130.22,-1526.28,0,0,149.48
480,200,1,1,4960.59,-1443.26,0,0,109.309
485,200,1,1,-3713,2225.48,0,0,190.191
486,200,1,1,-239.814,574.977,0,0,190.965
487,200,1,1,2081.66,3473.29,0,0,63.8841
490,200,1,1,-1582.7,-3870.93,0,0,98.6145
494,200,1,1,863.215,69.2577,0,0,144.403
495,200,1,1,-469.71,-3149.93,0,0,154.481
496,200,1,1,-3921.77,1254.44,0,0,99.7532
498,200,1,1,-3863.87,-305.974,0,0,11.8924
502,200,1,1,282.338,-3637.18,0,0,105.952
503,200,1,1,3419.39,3625.28,0,0,122.188
517,200,1,1,-4735.97,-2919.57,0,0,0.601584
520,200,1,1,1940.92,4877.21,0,0,189.102
522,200,1,1,4279.13,836.555,0,0,146.695
523,200,1,1,785.088,-2242.12,0,0,2.96198
525,200,1,1,1499.67,1151.31,0,0,95.998
532,200,1,1,-1243.82,-4542.45,0,0,98.5723
543,200,1,1,3044.43,2894.64,0,0,29.1433
545,200,1,1,4279.61,-2934.65,0,0,1.23399
547,200,1,1,-3728.26,-641.106,0,0,60.3265
551,200,1,1,-4297.18,-3715.91,0,0,195.018
554,200,1,1,487.865,-4764.39,0,0,57.6794
556,200,1,1,818.034,1871.89,0,0,42.198
559,200,1,1,1265.48,2994.87,0,0,16.5935
560,200,1,1,-4540.94,1193.02,0,0,185.519
561,200,1,1,-2808.01,138.41,0,0,168.129
564,200,1,1,-19.3107,-151.347,0,0,0.464023
565,200,1,1,3430.84,598.391,0,0,122.203
569,200,1,1,-732.892,-1358.49,0,0,41.8378
571,200,1,1,781.949,2880.33,0,0,29.1007
578,200,1,1,2489.45,4408.92,0,0,35.5466
581,200,1,1,4036.13,3434.86,0,0,180.661
585,200,1,1,-908.363,2795.57,0,0,152.596
586,200,1,1,2200.38,-4783.03,0,0,197.699
596,200,1,1,4073.56,-1256.3,0,0,143.046
603,200,1,1,-4183.13,1552.23,0,0,103.876
604,200,1,1,4576.98,2051.27,0,0,30.1185
606,200,1,1,4707,-3047.4,0,0,62.7299
616,200,1,1,3719.56,-4385.1,0,0,81.5446
618,200,1,1,4201.12,-2522.77,0,0,12.5831
621,200,1,1,98.7636,-3416.15,0,0,117.108
626,200,1,1,11.2748,2842.98,0,0,67.1328
630,200,1,1,1143.77,366.841,0,0,58.095
634,200,1,1,-2422.72,-2037.28,0,0,193.082
638,200,1,1,-1043.62,1926.76,0,0,39.7867
639,200,1,1,1510.99,2876.63,0,0,106.382
654,200,1,1,-1543.72,764.82,0,0,79.9836
655,200,1,1,-4327.95,70.1118,0,0,188.625
656,200,1,1,4960.13,920.626,0,0,143.368
657,200,1,1,-273.761,-2033.12,0,0,44.3131
660,200,1,1,-4714.37,-2241.81,0,0,167.349
667,200,1,1,-1813.44,-3045.44,0,0,170.618
668,200,1,1,-1218.92,-3692.58,0,0,108.401
670,200,1,1,-3650.38,-3491,0,0,39.6982
673,200,1,1,-2015.94,340.173,0,0,33.6984
674,200,1,1,638.433,-996.872,0,0,175.033
678,200,1,1,1519.03,7.59739,0,0,112.982
685,200,1,1,-889.242,-4265.28,0,0,80.7986
688,200,1,1,-699.543,-1596.22,0,0,24.1646
691,200,1,1,-852.954,-1439.6,0,0,72.9117
692,200,1,1,-1716.75,3107.33,0,0,93.3087
693,200,1,1,3629.45,-1314.93,0,0,178.841
694,200,1,1,3011.83,3452.77,0,0,0.890322
695,200,1,1,3355.72,-425.076,0,0,170.073
699,200,1,1,-1669.62,-1827.59,0,0,18.0101
700,200,1,1,3596.77,-3349.43,0,0,165.939
702,200,1,1,-3256.93,3355.01,0,0,196.018
703,200,1,1,-3643.33,-2787,32.3639,22.325,143.846
705,200,1,1,1446.62,4758.93,0,0,146.043
708,200,1,1,-2791.64,-1077.74,0,0,28.3587
720,200,1,1,-827.119,1382.02,0,0,128.051
722,200,1,1,196.115,-964.53,0,0,105.13
731,200,1,1,1051.98,-3571.42,0,0,88.8139
735,200,1,1,-1774.44,4007.45,0,0,51.1704
737,200,1,1,-3161.34,2937.55,0,0,25.6562
738,200,1,1,171.52,-99.2593,0,0,38.559
739,200,1,1,3364.7,-219.769,0,0,96.2578
740,200,1,1,-2156.44,4244.45,0,0,158.666
741,200,1,1,164.155,-2440.19,0,0,108.359
744,200,1,1,-2882.66,-4933.04,0,0,134.111
746,200,1,1,2552.21,-67.8915,0,0,1.27768
753,200,1,1,-3481.57,2470.67,0,0,163.697
754,200,1,1,-3909.96,2913.51,0,0,178.361
774,200,1,1,-3332.27,-756.548,0,0,94.1515
776,200,1,1,-3611.47,-364.284,0,0,160.462
777,200,1,1,-4062,2645.11,0,0,157.354
787,200,1,1,-4942.94,-4625.89,0,0,96.9311
806,200,1,1,4645.94,-1858.79,0,0,178.828
808,200,1,1,4918.02,-1311.67,0,0,52.4418
809,200,1,1,3720.53,3306.89,0,0,21.2765
815,200,1,1,4239.27,2279.12,0,0,10.5247
818,200,1,1,3924.21,4034.51,0,0,6.05992
820,200,1,1,-1384.94,3568.14,0,0,7.49961
821,200,1,1,-2324.3,3643.98,0,0,131.906
824,200,1,1,-609.778,-3213.62,0,0,196.303
840,200,1,1,4383.79,-1963.99,0,0,72.7685
841,200,1,1,4176.68,-3165.91,0,0,149.903
846,200,1,1,-1146.4,2085.01,0,0,101.494
848,200,1,1,3940.3,-2956.84,0,0,165.796
850,200,1,1,1602.05,1659.95,0,0,168.358
851,200,1,1,-3205.12,3077.66,0,0,42.8408
853,200,1,1,1259.57,4187.86,0,0,131.794
866,200,1,1,1380.35,-4015.57,0,0,46.9159
874,200,1,1,2138.01,-2633.65,0,0,149.808
875,200,1,1,-2937.53,2838.62,0,0,165.924
877,200,1,1,-3470.3,3052.67,0,0,139.307
878,200,1,1,2139.23,-3640.26,0,0,77.6939
881,200,1,1,1831.94,4585.81,0,0,24.4849
882,200,1,1,-328.415,-2033.09,0,0,103.431
894,200,1,1,-1417.77,3663.1,0,0,1.50745
895,200,1,1,452.235,-2709.19,0,0,22.5722
902,200,1,1,-1769.36,-537.833,0,0,124.742
909,200,1,1,-1900.14,-935.97,0,0,1.98133
915,200,1,1,2695.82,-3865.89,0,0,77.7342
920,200,1,1,4381.74,1749.37,0,0,28.4144
922,200,1,1,3307.05,-4036.7,0,0,177.695
923,200,1,1,-3893.84,3322.72,0,0,197.268
929,200,1,1,-1310.3,2702.89,0,0,181.005
931,200,1,1,-1430.97,-42.2079,0,0,26.6641
941,200,1,1,236.049,-882.723,0,0,143.179
944,200,1,1,-342.508,-774.157,0,0,196.084
945,200,1,1,-363.922,-3873.6,0,0,15.231
947,200,1,1,2824.5,-3200.7,291.183,-199.99,156.505
948,200,1,1,-2142.1,-2954.06,0,0,99.0316
962,200,1,1,2652.73,-127.767,0,0,128.995
972,200,1,1,4744.11,-771.404,0,0,187.385
973,200,1,1,-4080.26,-4208.32,0,0,133.048
975,200,1,1,-1970.46,-4517.51,0,0,197.229
979,200,1,1,2331.1,4259.14,0,0,6.36797
984,200,1,1,4418.82,-4040.91,0,0,53.6365
992,200,1,1,-2598.05,-4248.46,0,0,146.084
995,200,1,1,1428.33,-3419.39,0,0,116.365
996,200,1,1,-490.495,-4220.33,0,0,141.153
997,200,1,1,2766.25,465.554,0,0,176.578
1002,200,1,1,-2555.39,3067.12,0,0,97.8248
1011,200,1,1,-3162.76,3261.14,0,0,77.7317
1015,200,1,1,-2601.02,846.466,0,0,34.4329
1018,200,1,1,-3662.27,2152.19,0,0,96.9481
1021,200,1,1,4263.85,3737.66,0,0,121.881
1022,200,1,1,-4924.88,2117.35,0,0,192.276
1029,200,1,1,-3974.81,3121.5,0,0,173.456
1034,200,1,1,1756.96,-127.221,0,0,138.065
1036,200,1,1,4079.17,-4523.35,0,0,121.515
1037,200,1,1,4636.84,-1561.94,0,0,1.55016
1038,200,1,1,-469.81,1640.88,0,0,181.365
1039,200,1,1,3793.18,-4209.6,0,0,88.3306
1043,200,1,1,-1073.95,4174.78,0,0,115.782
1045,200,1,1,-3061.45,1189.31,0,0,24.5157
1046,200,1,1,163.137,-1696.22,0,0,108.717
1047,200,1,1,1696.08,-2897.47,0,0,12.0882
1062,200,1,1,4814.38,1579.99,0,0,37.6117
1070,200,1,1,2965.74,3187.68,0,0,93.5256
1077,200,1,1,3638.39,-3531.09,0,0,138.127
1080,200,1,1,-1763.9,-4048.3,0,0,7.70515
1081,200,1,1,-1010.41,-4113.89,0,0,87.1753
1086,200,1,1,3466.52,856.661,0,0,131.666
1094,200,1,1,4457.02,3186.15,0,0,76.9929
1097,200,1,1,4505.47,1400.63,0,0,164.503
1098,200,1,1,1648.59,-4147.72,0,0,97.3557
1102,200,1,1,4033.27,-2155,0,0,50.5367
1107,200,1,1,3023.78,1257.82,0,0,75.3368
1110,200,1,1,2039.25,1572.57,1210.7,-945.26,3.61802
1111,200,1,1,817.345,-1606.76,0,0,82.5427
1114,200,1,1,-4238.31,2663.7,0,0,189.777
1115,200,1,1,686.076,-3342.86,0,0,2.996
1118,200,1,1,2244.96,-462.692,0,0,193.956
1127,200,1,1,-918.516,-1576.36,0,0,50.5702
1133,200,1,1,296.179,-1714.48,0,0,3.64276
1139,200,1,1,-3619.24,-3543.5,0,0,102.406
1140,200,1,1,-4651.98,1934.03,0,0,146.762
1149,200,1,1,-1335.09,870.186,0,0,101.614
1153,200,1,1,4946.58,1141.04,0,0,68.6919
1157,200,1,1,-3507.42,1564.34,0,0,103.628
1158,200,1,1,-4876.61,-3860.9,0,0,138.661
1171,200,1,1,4316.23,4856.62,0,0,62.907
1189,200,1,1,4912.68,3439.35,0,0,171.024
1190,200,1,1,2955.07,-4112.4,0,0,111.308
1200,200,1,1,-3874.71,-4687.35,0,0,105.762
1205,200,1,1,-2414.06,3906.49,0,0,105.516
1206,200,1,1,4947.51,-454.276,0,0,101.414
1213,200,1,1,-3440.15,-550.285,0,0,25.1426
1223,200,1,1,-2354.66,2767.01,0,0,27.6993
1235,200,1,1,-3470.84,-1308.53,0,0,175.217
1240,200,1,1,2700.72,2641.19,0,0,84.8898
1243,200,1,1,-4740.23,-4808.06,0,0,117.106
1245,200,1,1,213.348,-1019.57,0,0,46.1571
1251,200,1,1,3780.62,182.044,0,0,173.784
1253,200,1,1,-1601.47,-278.692,0,0,75.1066
1274,200,1,1,154.828,-4459.19,0,0,92.2365
1275,200,1,1,1448.64,3232.68,0,0,17.3434
1276,200,1,1,1397.24,-184.68,0,0,39.691
1277,200,1,1,1933.44,4140.79,0,0,127.217
1285,200,1,1,-1831.68,2462.25,0,0,28.6227
1287,200,1,1,819.452,-909.016,0,0,90.0669
1293,200,1,1,4383.81,-2716.62,0,0,98.9648
1297,200,1,1,-907.11,-3600.17,0,0,174.679
1300,200,1,1,-875.12,-2653.74,0,0,84.7335
1306,200,1,1,4846.95,4259.28,0,0,86.2245
1307,200,1,1,-1574,1894.77,0,0,148.586
1308,200,1,1,4921.36,-2021.68,0,0,120.315
1309,200,1,1,1340.98,-634.906,0,0,111.203
1317,200,1,1,-4030.11,3208.52,0,0,173.196
1321,200,1,1,-2218.02,-3455.55,0,0,188.321
1326,200,1,1,-4245.16,-2325.48,0,0,149.27
1328,200,1,1,906.55,787.348,0,0,41.3152
1329,200,1,1,1739.86,355.647,0,0,61.0486
1331,200,1,1,3697.95,-3988.64,0,0,50.8045
1335,200,1,1,-893.539,985.852,0,0,30.1434
1337,200,1,1,-1222.91,325.814,0,0,61.6952
1339,200,1,1,-2201.3,-1703.56,0,0,41.3159
1340,200,1,1,2293.39,-3416.13,0,0,185.801
1345,200,1,1,4212.41,-4938.28,0,0,167.988
1348,200,1,1,1949.4,-4443.43,0,0,0.551364
1355,200,1,1,-4777.48,1231.54,0,0,13.6605
1361,200,1,1,-1865.72,-2055.5,0,0,180.819
1368,200,1,1,2191.83,-4510.62,0,0,110.535
1372,200,1,1,4232.68,4493.71,0,0,96.4311
1373,200,1,1,-3200.45,-2112.36,0,0,184.682
1375,200,1,1,4259.33,-509.465,0,0,3.3394
1387,200,1,1,174.4,-3327.14,0,0,44.5936
1403,200,1,1,2773.69,2182.81,0,0,39.051
1404,200,1,1,3344.57,-4075.46,0,0,72.9211
1406,200,1,1,-3939.3,2126.77,0,0,47.9099
1412,200,1,1,2108.23,3090.42,0,0,151.913
1413,200,1,1,-454.909,-1371.43,0,0,43.468
1414,200,1,1,-3361.87,1548.96,0,0,149.38
1416,200,1,1,2238.1,1003.86,0,0,174.579
1424,200,1,1,4623.44,-4929.35,0,0,19.3964
1431,200,1,1,1112.6,-2679.44,0,0,43.7582
1432,200,1,1,2348.79,-1613.26,0,0,57.8218
1434,200,1,1,60.3005,-1760.32,0,0,165.067
1435,200,1,1,404.963,-2469.19,0,0,67.9211
1436,200,1,1,-1788.56,4266.84,0,0,137.113
1441,200,1,1,-2466.58,-1767.02,0,0,73.8975
1442,200,1,1,724.062,4666.12,0,0,37.8239
1444,200,1,1,-363.045,1294.23,0,0,33.2094
1446,200,1,1,-3213.09,-3180.13,0,0,122.805
1447,200,1,1,446.852,1631.33,0,0,72.385
1452,200,1,1,-2790.35,2163.99,0,0,16.295
1453,200,1,1,4334.89,2289.29,0,0,156.846
1454,200,1,1,-4525.14,-586.658,0,0,70.1883
1456,200,1,1,-127.911,4268.44,0,0,158.035
1457,200,1,1,813.884,2790.44,-22.1068,6.70548,197.788
1459,200,1,1,-1392.6,-2281.81,0,0,32.5948
1466,200,1,1,79.7409,809.144,0,0,146.015
1476,200,1,1,-1690.11,627.327,0,0,162.299
1477,200,1,1,-1973.7,-3853.25,0,0,115.551
1480,200,1,1,-274.95,113.181,0,0,145.676
1482,200,1,1,4909.97,3200.86,0,0,44.6399
1486,200,1,1,3208.9,820.234,0,0,30.6656
1490,200,1,1,1818.25,-535.9,0,0,176.326
1492,200,1,1,2931.36,1928.07,0,0,19.4691
1496,200,1,1,3386.18,-2492.37,0,0,17.4081
1502,200,1,1,4606.18,-4008.8,0,0,142.309
1503,200,1,1,-1180.03,2624.14,0,0,65.3429
1505,200,1,1,4286.3,-719.093,0,0,146.392
1514,200,1,1,-4042.02,2005.86,0,0,38.6399
1525,200,1,1,4882.86,-1022.28,0,0,170.064
1530,200,1,1,-1932.95,444.354,0,0,147.151
1533,200,1,1,-3691.53,2953.54,0,0,84.6162
1535,200,1,1,-1890.15,-152.702,0,0,9.69636
1538,200,1,1,2388.13,-3776.82,0,0,130.293
1540,200,1,1,296.335,1145.22,0,0,55.8642
1541,200,1,1,-4926.73,4478.26,0,0,104.4
1546,200,1,1,-4446.54,-3024.55,0,0,73.2871
1548,200,1,1,3667.1,-2888.99,0,0,23.3129
1553,200,1,1,-2274.2,1144.72,0,0,18.604
1554,200,1,1,-114.537,-2460.22,0,0,16.9577
1556,200,1,1,2469.19,-1200.54,0,0,15.2071
1569,200,1,1,-3011.48,4336.34,0,0,117.422
1570,200,1,1,-990.462,1392.99,0,0,187.382
1571,200,1,1,-1333.84,3882.7,0,0,74.8613
1572,200,1,1,-583.838,-2195.03,0,0,20.8047
1580,200,1,1,-2882.86,374.806,0,0,84.9612
1589,200,1,1,-4866.39,-1674.79,0,0,34.7265
1590,200,1,1,2184.25,3430.08,0,0,167.62
1594,200,1,1,1875.48,2024.5,0,0,62.1631
1597,200,1,1,-1206.94,-4190.78,0,0,130.755
1600,200,1,1,-2867.7,2083.73,0,0,64.7494
1601,200,1,1,-1599.06,-2389.62,0,0,81.7462
1604,200,1,1,3595.05,3063.36,0,0,31.7163
1610,200,1,1,-2766.01,-419.193,0,0,100.284
1612,200,1,1,4650.4,784.376,0,0,197.11
1621,200,1,1,359.452,-84.905,0,0,107.696
1624,200,1,1,2000.32,2011.03,0,0,163.134
1636,200,1,1,-2711.79,-3759.52,0,0,40.0917
1641,200,1,1,4296.16,-3461.45,0,0,139.426
1649,200,1,1,935.628,3327.82,0,0,149.687
1653,200,1,1,2370.86,-2860.13,0,0,158.831
1655,200,1,1,4876.74,-1771.89,0,0,18.8744
1657,200,1,1,-2738.67,2994.49,0,0,9.42068
1660,200,1,1,-1002.46,1414.61,0,0,187.196
1663,200,1,1,-4028.19,459.317,0,0,179.603
1665,200,1,1,-4560.45,-2081.79,0,0,13.5239
1667,200,1,1,-528.184,775.852,0,0,123.65
1669,200,1,1,480.149,-4903.48,0,0,183.577
1670,200,1,1,-4457.15,4688.42,0,0,29.0167
1674,200,1,1,-4295.31,4982.34,0,0,53.3221
1676,200,1,1,-3549.73,3261.1,0,0,190.035
1683,200,1,1,929.776,3425.16,0,0,17.4691
1698,200,1,1,383.856,1547.72,0,0,179.17
1700,200,1,1,-1139.47,-3021.85,0,0,99.2524
1701,200,1,1,741.57,2264.4,0,0,86.7967
1707,200,1,1,1020.94,1479.92,0,0,2.89353
1710,200,1,1,2136.82,-4893.26,0,0,17.5725
1711,200,1,1,-702.184,-3641.22,0,0,171.017
1719,200,1,1,-3411.08,-4253.03,0,0,75.7834
1720,200,1,1,3176.14,3692.45,0,0,93.9855
1721,200,1,1,-4564.69,-2978.09,0,0,18.6616
1723,200,1,1,386.681,-4742.62,0,0,39.6475
1728,200,1,1,-610.036,854.851,0,0,83.7532
1735,200,1,1,4945.03,-1755.19,0,0,35.5013
1742,200,1,1,-3652.79,-4671.15,0,0,199.998
1745,200,1,1,-323.837,625.158,0,0,157.008
1747,200,1,1,787.053,-4385.25,0,0,78.9449
1752,200,1,1,2939.19,1856.58,0,0,149.492
1755,200,1,1,4175.24,-4007.46,0,0,76.1712
1757,200,1,1,-913.396,-2658.2,0,0,109.707
1758,200,1,1,-1920.77,-3008.22,0,0,20.271
1759,200,1,1,2536.73,3867.34,0,0,15.3556
1771,200,1,1,1697.4,2340.69,0,0,10.1589
1773,200,1,1,-612.756,-551.667,0,0,16.6596
1774,200,1,1,-2756.91,-464.938,0,0,69.7464
1775,200,1,1,1008.83,-2399.99,0,0,16.6119
1782,200,1,1,2441.72,1549.5,0,0,134.331
1783,200,1,1,2016.89,3792.27,0,0,139.719
1786,200,1,1,1938.34,2966.17,0,0,21.1949
1792,200,1,1,546.736,3620.4,0,0,100.207
1794,200,1,1,-4008.07,2352.71,0,0,83.0124
1799,200,1,1,4931.64,4565.92,0,0,197.51
1803,200,1,1,2989.37,-3936.23,0,0,132.162
1808,200,1,1,3867.51,607.021,0,0,123.902
1810,200,1,1,-4912.07,-1266.39,0,0,116.073
1812,200,1,1,-3157.33,1219.44,0,0,181.725
1815,200,1,1,-2300.29,4504.27,0,0,123.878
1819,200,1,1,4617.75,4178.04,0,0,178.821
1820,200,1,1,2739.61,455.081,0,0,185.96
1834,200,1,1,1202.21,1442.61,0,0,70.2464
1843,200,1,1,-2014.22,2308.52,0,0,68.4588
1850,200,1,1,2645.44,2240.02,0,0,151.397
1852,200,1,1,4440.35,4795.5,0,0,26.1449
1854,200,1,1,4781.82,-3058.45,0,0,23.7029
1857,200,1,1,4176.71,-3455.91,0,0,170.937
1858,200,1,1,4087.79,-1302.33,0,0,22.1977
1860,200,1,1,4090.21,293.257,0,0,188.834
1870,200,1,1,-2478.53,-2609.01,0,0,172.419
1882,200,1,1,1929.25,-2566.25,0,0,11.6618
1883,200,1,1,-227.919,-1112.77,0,0,74.0629
1885,200,1,1,-1005.23,-4167.41,0,0,34.9235
1899,200,1,1,663.325,174.572,0,0,81.7576
1900,200,1,1,-3706.2,-426.591,0,0,110.334
1906,200,1,1,-2626.29,1131.22,0,0,115.478
1907,200,1,1,-3162.78,-2316.47,0,0,185.204
1911,200,1,1,1550.81,-456.058,0,0,94.7695
1915,200,1,1,-3667.93,-4546.04,0,0,57.9404
1918,200,1,1,-4929.71,4318.94,0,0,186.585
1921,200,1,1,4559.33,-128.524,0,0,0.0216163
1922,200,1,1,4573.39,3010.24,0,0,150.818
1924,200,1,1,-2126.01,2655.15,0,0,103.036
1925,200,1,1,-305.746,-2234.64,0,0,69.8583
1929,200,1,1,-3945.83,879.516,0,0,127.175
1932,200,1,1,-1822.65,194.881,0,0,76.6916
1935,200,1,1,1216.05,3032.13,0,0,4.11945
1938,200,1,1,-4454.34,-3660.39,0,0,133.4
1939,200,1,1,2080.41,-3935.22,0,0,86.8921
1941,200,1,1,3633.13,251.113,0,0,5.75238
1942,200,1,1,1403.84,839.742,-1043.98,4366.82,19.5242
1945,200,1,1,1539.91,732.412,0,0,19.377
1947,200,1,1,-1798.63,1714.63,0,0,62.8733
1949,200,1,1,2523.87,569.683,0,0,8.33226
1955,200,1,1,-3806.03,-3755.25,0,0,64.2999
1959,200,1,1,-2625.12,-3007.42,0,0,103.175
1966,200,1,1,1127.58,952.428,0,0,83.1488
1973,200,1,1,2158.12,-1642.52,0,0,90.478
1976,200,1,1,-4460.8,-1539.26,0,0,198.293
1980,200,1,1,-4847.15,-2676.71,0,0,36.5786
1987,200,1,1,-3320.58,-4678.64,0,0,125.579
1989,200,1,1,-4197.62,-2964.65,0,0,140.647
1991,200,1,1,-3351.88,3913.21,0,0,182.883
1996,200,1,1,-4520.89,-364.239,0,0,148.673
2002,200,1,1,-2503.66,2006.96,0,0,146.59
2007,200,1,1,1739.25,461.747,0,0,52.5144
2017,200,1,1,503.441,987.559,0,0,82.054
2020,200,1,1,4604.71,-569.222,0,0,94.3011
2023,200,1,1,-2430.36,2657.65,0,0,141.88
2024,200,1,1,-4572.24,4885.21,0,0,106.775
2026,200,1,1,-3943.07,-4322.98,0,0,40.4034
2036,200,1,1,-2082.23,-2435.86,0,0,74.3955
2040,200,1,1,-962.784,-4070.16,0,0,61.1864
2044,200,1,1,-2646.79,-2362.61,0,0,120.536
2051,200,1,1,-885.373,-2932.52,0,0,60.8451
2052,200,1,1,2824.37,1626.38,0,0,19.7191
2059,200,1,1,1548.16,-514.117,0,0,84.8295
2066,200,1,1,43.893,-4061.76,0,0,107.311
2083,200,1,1,-1142.07,3917.74,0,0,4.03848
2087,200,1,1,2598.77,2458.1,0,0,7.50572
2089,200,1,1,-213.884,2841.17,0,0,84.0465
2090,200,1,1,-1744.9,1326.16,0,0,5.42123
2091,200,1,1,-4806.23,477.634,0,0,19.408
2092,200,1,1,-3531,-1631.09,0,0,26.3868
2096,200,1,1,-4445.19,4384.49,0,0,77.784
2098,200,1,1,723.68,-3494.04,0,0,24.9422
2110,200,1,1,9096.88,6451.48,11723.7,4076.28,67.2468
2111,200,1,1,2301.53,-1008.65,0,0,177.31
2115,200,1,1,418.739,4791.31,0,0,21.0376
2118,200,1,1,-2542.97,4520.61,0,0,173.651
2127,200,1,1,-1797.55,1657.58,0,0,184.093
2129,200,1,1,3541.68,-1494.15,0,0,17.3623
2135,200,1,1,-3650.93,1179.7,0,0,144.275
2138,200,1,1,2071.61,-4243.48,0,0,146.726
2139,200,1,1,-2045.89,3457.76,0,0,82.5388
2140,200,1,1,-3701.2,-542.962,0,0,17.7248
2158,200,1,1,4118.36,2968.25,0,0,163.484
2160,200,1,1,1110.93,-56.0145,0,0,77.0721
2163,200,1,1,-4305.44,3269.88,0,0,83.2879
2165,200,1,1,658.866,-2666.64,0,0,42.6423
2172,200,1,1,-951.778,4201.97,0,0,117.459
2174,200,1,1,2473.99,4336.42,0,0,171.556
2176,200,1,1,-2003.69,-4671.47,0,0,143.126
2181,200,1,1,-2646.56,-1725.17,0,0,36.6606
2185,200,1,1,-2701,-4687.13,0,0,186.532
2190,200,1,1,-3549.84,-186.9,0,0,12.3359
2197,200,1,1,3105.19,64.1565,0,0,45.8215
2200,200,1,1,-1705.85,1505.81,0,0,144.578
2201,200,1,1,1113.44,1364.57,0,0,131.648
2206,200,1,1,339.116,4421.8,0,0,113.49
2209,200,1,1,-3441.59,4112.38,0,0,67.4319
2213,200,1,1,3066.02,-2535.63,0,0,170.214
2218,200,1,1,3636.91,-1199.48,0,0,10.4517
2220,200,1,1,-4011.32,-3743.87,0,0,116.001
2225,200,1,1,2691.96,3375.72,0,0,38.7963
2235,200,1,1,4636.13,3864.52,0,0,65.2048
2250,200,1,1,4282.45,-2538.64,0,0,102.482
2252,200,1,1,3102.11,-3477.75,0,0,127.831
2256,200,1,1,-4208.77,-4648.88,0,0,158.909
2260,200,1,1,-4452.22,1032.79,0,0,53.8984
2276,200,1,1,-229.008,-76.2413,0,0,109.253
2285,200,1,1,-1579.46,-2429.71,0,0,97.62
2288,200,1,1,908.48,-3584.16,0,0,112.755
2290,200,1,1,-4169.25,61.61,0,0,21.3471
2303,200,1,1,3547.08,-443.562,0,0,136.256
2307,200,1,1,-3840.83,-4466.61,0,0,121.672
2308,200,1,1,2823.31,-2584.21,0,0,138.68
2309,200,1,1,-3320.83,-3993.6,0,0,138.398
2313,200,1,1,-2891.35,1060.9,0,0,128.228
2319,200,1,1,3581.98,1008.38,0,0,132.871
2320,200,1,1,-3185.92,4115.17,0,0,41.3276
2323,200,1,1,3054.88,4983.21,0,0,184.746
2324,200,1,1,-998.302,1744.03,0,0,22.5458
2329,200,1,1,760.39,-2647.31,0,0,39.3544
2331,200,1,1,-4046.46,-4186.93,0,0,167.235
2332,200,1,1,739.833,3204.28,0,0,4.94428
2335,200,1,1,1134.56,-3986.6,0,0,148.814
2336,200,1,1,-1201.07,2663.2,0,0,42.1909
2340,200,1,1,-883.186,2659.56,0,0,84.6809
2341,200,1,1,-2700.74,-4249.96,0,0,48.9971
2343,200,1,1,4610.43,-491.576,0,0,163.195
2349,200,1,1,3220.78,3973.72,0,0,52.2395
2350,200,1,1,-1850.54,1578.22,0,0,127.256
2351,200,1,1,-1405.82,-3737.65,0,0,5.97277
2353,200,1,1,4166.22,-4059.06,0,0,129.036
2358,200,1,1,2234.29,-4896.67,0,0,17.3947
2365,200,1,1,-2912.1,-4366.65,0,0,58.1206
2367,200,1,1,-2904.14,-2551.19,0,0,10.596
2371,200,1,1,-719.342,-1274.43,0,0,127.861
2374,200,1,1,3694.38,-2175.36,0,0,145.295
2376,200,1,1,-651.617,-600.392,0,0,9.73299
2385,200,1,1,-1668.83,1995.45,0,0,179.722
2390,200,1,1,213.073,-1494.04,0,0,59.9066
2393,200,1,1,-2275.81,4143.06,0,0,86.4989
2395,200,1,1,-1956.36,-4855.8,0,0,159.772
2401,200,1,1,1471.68,981.806,0,0,115.515
2409,200,1,1,3671.41,4565.62,0,0,4.10985
2411,200,1,1,-782.859,-265.327,0,0,52.3347
2415,200,1,1,1466.93,-2088.8,0,0,5.1318
2424,200,1,1,3651.52,-4210.88,0,0,138.995
2430,200,1,1,-2444.54,-2938.98,0,0,182.175
2432,200,1,1,406.19,3541.41,0,0,10.0935
2438,200,1,1,988.18,4950.86,0,0,109.399
2439,200,1,1,2339.07,-2983.88,0,0,55.8504
2440,200,1,1,-3388.97,-4111.78,0,0,179.202
2444,200,1,1,-4166.96,-4758.48,0,0,37.4612
2453,200,1,1,591.446,3306.33,0,0,26.9702
2468,200,1,1,316.52,-4306.89,0,0,74.6905
2472,200,1,1,2566.12,2541.34,0,0,78.433
2473,200,1,1,-4478.57,-1720.04,0,0,116.497
2474,200,1,1,-4655.28,-666.567,0,0,97.0236
2482,200,1,1,-3630.78,-4398.92,0,0,193.318
2486,200,1,1,-546.072,624.932,0,0,45.3469
2487,200,1,1,3655.79,2684.99,0,0,115.667
2489,200,1,1,-4778.26,-2370.63,0,0,133.901
2500,200,1,1,-526.817,1729.21,0,0,53.3178
2506,200,1,1,4100.12,3662.7,0,0,78.2396
2507,200,1,1,-1837.29,-3554.82,0,0,70.8509
2510,200,1,1,2860.75,-188.152,0,0,62.3603
2512,200,1,1,-3975.54,-1063.09,0,0,99.3257
2513,200,1,1,3678.38,-691.043,0,0,98.3825
2515,200,1,1,-4674.26,-3097.55,0,0,8.89443
2519,200,1,1,-705.985,-2403.54,0,0,170.384
2520,200,1,1,2560.08,3291.45,0,0,71.9057
2523,200,1,1,-1346.59,2951.92,0,0,15.8088
2524,200,1,1,-1313.71,1063.71,0,0,10.5071
2525,200,1,1,-2648.27,3421.46,0,0,139.333
2528,200,1,1,60.5918,3020.22,0,0,87.8493
2539,200,1,1,4235.71,-2795.75,0,0,195.261
2548,200,1,1,-1161.08,-1169.56,0,0,108.955
2549,200,1,1,-4621.68,-3265.59,0,0,80.1121
2553,200,1,1,-4285.49,4566.6,0,0,98.6461
2554,200,1,1,-1407.2,2109.16,0,0,194.812
2559,200,1,1,-4531.32,4335.02,0,0,197.002
2565,200,1,1,4933.51,-191.037,0,0,192.152
2568,200,1,1,1258.92,4482.5,0,0,12.2651
2575,200,1,1,3359.72,896.433,0,0,52.5138
2576,200,1,1,4906.95,2004.02,0,0,111.563
2581,200,1,1,247.616,-2349.78,0,0,62.2202
2587,200,1,1,3615.82,-2353.13,0,0,123.12
2592,200,1,1,-33.7181,-4340.36,0,0,96.6406
2595,200,1,1,3893.51,-2459.45,0,0,147.977
2604,200,1,1,-2457.45,148.592,0,0,41.8345
2607,200,1,1,-4185.28,-2831.57,0,0,131.627
2612,200,1,1,-4410.98,2663.99,0,0,44.7443
2625,200,1,1,-57.1057,-2278.96,0,0,9.06407
2630,200,1,1,-1493.3,-230.709,0,0,10.9529
2632,200,1,1,1992.45,1472.34,0,0,181.486
2637,200,1,1,1860.82,-3339.91,0,0,1.04164
2640,200,1,1,867.023,4914.05,0,0,73.3525
2644,200,1,1,-4647.77,528.9,0,0,177.097
2645,200,1,1,1476.81,-453.92,0,0,73.607
2646,200,1,1,593.266,-1657.36,0,0,175.205
2650,200,1,1,4166.14,-2484.75,0,0,168.385
2654,200,1,1,1350.83,1785.52,0,0,169.857
2658,200,1,1,-4768.62,570.945,0,0,147.636
2659,200,1,1,977.733,-3555.4,0,0,73.0641
2661,200,1,1,1637.65,956.498,0,0,63.9087
2663,200,1,1,800.154,-3310.5,0,0,150.055
2664,200,1,1,1031.25,-1037.13,0,0,195.984
2666,200,1,1,-1699.46,-2195.86,0,0,36.467
2671,200,1,1,-1934.91,4710.74,0,0,106.23
2672,200,1,1,-1902.38,4.9567,0,0,34.763
2673,200,1,1,-2180.74,4306.37,0,0,23.4746
2675,200,1,1,4987.2,-1422.83,0,0,111.519
2679,200,1,1,-3187.93,-2461.45,0,0,74.9921
2683,200,1,1,1820.23,1634.41,0,0,69.4919
2688,200,1,1,1922.85,1703.87,0,0,98.4518
2689,200,1,1,-702.453,3064.63,0,0,195.585
2690,200,1,1,-4277.98,4198.72,0,0,152.317
2692,200,1,1,3839.11,-4003.18,0,0,123.303
2697,200,1,1,3754.34,-4111.6,0,0,68.5397
2700,200,1,1,1960.19,4382.88,0,0,133.014
2701,200,1,1,3228.25,2923.8,0,0,172.021
2706,200,1,1,-4218.34,3894.03,0,0,153.597
2716,200,1,1,807.975,-450.264,0,0,148.812
2718,200,1,1,-4792.27,229.441,0,0,118.166
2719,200,1,1,4088.05,2555.67,0,0,65.2892
2721,200,1,1,668.091,926.194,0,0,119.59
2723,200,1,1,-576.722,2227.15,0,0,18.3935
2730,200,1,1,-3281.68,4377.99,0,0,46.3244
2738,200,1,1,2631.02,2512.91,0,0,54.9297
2741,200,1,1,4135.34,3183.19,0,0,41.4456
2745,200,1,1,-1464.74,-128.661,0,0,165.274
2779,200,1,1,-2655.15,-3227.71,0,0,56.0386
2784,200,1,1,-3323.89,-2454.53,0,0,108.628
2788,200,1,1,-3872.69,2996.61,0,0,21.2598
2791,200,1,1,-1780.18,-135.254,0,0,185.768
2792,200,1,1,-707.512,3666.5,0,0,103.709
2801,200,1,1,3533.26,-4435.55,0,0,35.8959
2809,200,1,1,-2015.98,-327.9,0,0,146.404
2811,200,1,1,2367.86,1121.32,0,0,97.1764
2812,200,1,1,2111.14,4984.02,0,0,149.97
2814,200,1,1,3211.53,4144,0,0,19.7988
2822,200,1,1,3197.55,1527.97,0,0,173.055
2826,200,1,1,-248.707,1983.37,0,0,131.54
2831,200,1,1,4295.72,-4323.05,0,0,92.4982
2835,200,1,1,3297.4,647.888,0,0,83.7781
2839,200,1,1,3414.52,2177.86,0,0,179.435
2841,200,1,1,1303.62,-2157.46,0,0,169.526
2847,200,1,1,3874.06,2630.58,0,0,81.4861
2848,200,1,1,-2154.66,2675.43,0,0,92.4708
2855,200,1,1,-2605.63,-2075.57,0,0,137.588
2864,200,1,1,3193.83,-573.299,0,0,147.569
2878,200,1,1,3973.75,-36.4614,0,0,104.211
2885,200,1,1,14.2799,-3754.57,0,0,4.63591
2886,200,1,1,580.254,-3359.88,0,0,100.12
2893,200,1,1,-2722.29,199.341,0,0,98.1908
2896,200,1,1,2688.27,-1872.89,0,0,97.6596
2900,200,1,1,3940.02,-114.015,0,0,34.6909
2903,200,1,1,1094.31,2209.18,0,0,50.7141
2914,200,1,1,3578.8,4496.26,0,0,133.481
2915,200,1,1,-722.047,4674.58,0,0,123.311
2916,200,1,1,4747.77,1955.13,0,0,43.8363
2919,200,1,1,-2777.77,2689.23,0,0,184.823
2927,200,1,1,-881.019,3797.44,0,0,122.775
2934,200,1,1,-4535.66,-3148.97,0,0,76.51
2938,200,1,1,-1737.27,-235.959,0,0,167.607
2943,200,1,1,-2356.15,1177.3,0,0,44.2893
2944,200,1,1,-172.926,4193.58,0,0,4.5322
2957,200,1,1,2388.64,4948.31,0,0,65.8966
2966,200,1,1,-4345.2,4383.02,0,0,167.654
2970,200,1,1,438.569,1608.05,0,0,31.1849
2971,200,1,1,-24.877,-674.36,0,0,172.659
2972,200,1,1,641.085,-1992.11,0,0,134.268
2973,200,1,1,3785.54,3820.12,0,0,38.2177
2976,200,1,1,-1392.07,2879.1,0,0,48.5028
2979,200,1,1,-2705.34,-2294.39,0,0,105.455
2983,200,1,1,-4070.7,3726.82,0,0,35.4583
2986,200,1,1,3680.59,4880.93,0,0,184.223
2992,200,1,1,-4488.49,4508.82,0,0,6.57317
2993,200,1,1,-3220.31,-2086.83,0,0,197.769
2995,200,1,1,204.659,-1340.02,0,0,28.6588
2999,200,1,1,2974.73,-2272.36,0,0,39.4947
3003,200,1,1,2231.81,-3886.61,0,0,147.385
3008,200,1,1,-1002.55,4818.06,0,0,94.6078
3021,200,1,1,900.023,-4929.58,0,0,136.21
3023,200,1,1,-3406.93,3879.03,0,0,6.96752
3027,200,1,1,-1845.05,2560.07,0,0,122.854
3030,200,1,1,-1481.21,1717.22,0,0,49.8412
3042,200,1,1,-1849.32,-3282.8,0,0,3.45089
3043,200,1,1,-326.33,-298.523,0,0,41.2164
3045,200,1,1,-2478.48,16.8562,0,0,173.773
3052,200,1,1,-3151.07,-2744.7,0,0,21.8364
3059,200,1,1,-1656.73,1512.65,0,0,31.2445
3063,200,1,1,-4480.3,2549.63,0,0,15.8671
3065,200,1,1,2951.32,234.519,0,0,113.718
3071,200,1,1,-4819.69,-4470.24,0,0,133.562
3073,200,1,1,4220.28,2222.59,0,0,12.7452
3077,200,1,1,-2433.39,214.712,0,0,12.8663
3081,200,1,1,3491.44,-1538.85,0,0,13.0373
3088,200,1,1,4531.26,2398.48,0,0,9.18213
3089,200,1,1,2315.1,2263.76,0,0,138.365
3094,200,1,1,2649.33,3806.55,0,0,163.74
3095,200,1,1,3377.89,-4473.95,0,0,108.1
3109,200,1,1,3680.75,-4507.47,0,0,82.391
3112,200,1,1,-3785.02,865.988,0,0,153.886
3114,200,1,1,1583.7,-2299.75,0,0,173.592
3120,200,1,1,2760.72,-426.659,0,0,18.9908
3124,200,1,1,3465,-2787.27,0,0,124.33
3126,200,1,1,1865.34,3290.51,0,0,100.278
3128,200,1,1,-931.262,3887.39,0,0,27.0648
3131,200,1,1,-2362.49,4133.34,0,0,46.827
3133,200,1,1,-2873.82,4868.11,0,0,19.9999
3134,200,1,1,2671.4,4807.64,0,0,151.406
3135,200,1,1,-1894.43,-4427.28,0,0,26.0775
3141,200,1,1,-4831.12,4979.89,0,0,169.941
3143,200,1,1,-3103.18,-3664.26,0,0,193.779
3152,200,1,1,3434.94,3782.49,0,0,17.9264
3157,200,1,1,4422.69,-2827.33,0,0,118.463
3158,200,1,1,3001.56,-4222.44,0,0,166.533
3168,200,1,1,-2888.81,-1886.11,0,0,52.3126
3175,200,1,1,-597.013,2675.38,0,0,70.8681
3177,200,1,1,-3911.97,-676.043,0,0,71.5412
3186,200,1,1,213.394,4574.11,0,0,64.2505
3194,200,1,1,-228.774,3305.77,0,0,100.222
3195,200,1,1,-1537.12,-2978.56,0,0,192.341
3199,200,1,1,2744.29,-3052.75,0,0,81.799
3207,200,1,1,-2797.3,1699.73,0,0,15.4783
3209,200,1,1,-4673.19,-810.488,0,0,71.7435
3213,200,1,1,-3683.34,-170.887,0,0,134.733
3215,200,1,1,2720.94,-4695.65,0,0,36.3971
3217,200,1,1,2270.32,3915.53,0,0,199.044
3218,200,1,1,-4095.35,1913.94,0,0,44.3727
3219,200,1,1,-4277.88,-1972.52,0,0,6.04466
3224,200,1,1,2773.72,649.053,0,0,96.5745
3228,200,1,1,1654,4848.01,0,0,85.5929
3232,200,1,1,-91.9655,3863.78,0,0,147.89
3233,200,1,1,3578.59,3511.82,0,0,134.052
3236,200,1,1,227.286,4535.32,0,0,33.8145
3240,200,1,1,885.534,1432.78,0,0,175.05
3242,200,1,1,3084.6,275.523,0,0,7.57908
3243,200,1,1,3992.13,2964.03,0,0,4.53889
3245,200,1,1,-3185.02,-3638.36,0,0,101.704
3253,200,1,1,-1479.23,-2280.08,0,0,12.5001
3255,200,1,1,4209.82,-1105.98,0,0,154.536
3257,200,1,1,-791.781,-2669.11,0,0,29.4352
3261,200,1,1,2948.56,3386.83,0,0,30.2875
3264,200,1,1,962.587,-1899.77,0,0,156.277
3265,200,1,1,-48.3374,293.255,0,0,70.725
3266,200,1,1,-78.4888,3203.69,-194.309,-246.973,153.851
3268,200,1,1,-2690.5,4309.38,0,0,117.18
3269,200,1,1,103.331,-732.16,0,0,98.927
3271,200,1,1,-666.216,-2042.33,0,0,4.68812
3277,200,1,1,4037.51,4998.64,0,0,115.894
3283,200,1,1,4541.51,4938.33,0,0,162.355
3286,200,1,1,-4345.31,3523.79,0,0,149.674
3288,200,1,1,2938.57,-4539.93,0,0,95.7814
3291,200,1,1,-1680.1,3856.64,0,0,61.8927
3295,200,1,1,-2398.71,4586.5,0,0,75.5979
3296,200,1,1,-1575.55,1246.91,0,0,7.99808
3298,200,1,1,2306.21,-2477.49,0,0,6.73487
3303,200,1,1,-3446.14,-1979.69,0,0,128.341
3304,200,1,1,2892.05,-426.742,0,0,174.782
3311,200,1,1,-3557.88,-771.287,0,0,185.764
3315,200,1,1,-4475.32,1545.89,0,0,135.703
3316,200,1,1,650.962,-4311.99,0,0,48.1492
3319,200,1,1,-2104.95,85.1819,0,0,187.392
3320,200,1,1,-3116.85,-4990.67,0,0,130.961
3321,200,1,1,-800.066,3858.07,0,0,80.3577
3326,200,1,1,601.251,4994.33,0,0,83.8476
3334,200,1,1,-1732.29,-3707.5,0,0,39.3123
3345,200,1,1,-3385.94,4737.07,0,0,31.7979
3346,200,1,1,690.607,3902.35,0,0,108.033
3348,200,1,1,1164.92,695.394,0,0,27.2147
3349,200,1,1,-178.916,-4010.58,0,0,12.6986
3351,200,1,1,4113.82,-4075.79,0,0,79.7014
3360,200,1,1,-14.4911,-2831.57,0,0,106.232
3363,200,1,1,975.341,3326.42,0,0,49.4209
3381,200,1,1,-835.116,302.383,0,0,179.428
3382,200,1,1,2596.37,4337.1,0,0,63.558
3383,200,1,1,-2481.86,3337.88,0,0,68.6925
3389,200,1,1,-3928.23,1148.28,0,0,166.218
3393,200,1,1,-222.357,-3867.3,0,0,91.9682
3394,200,1,1,2618.65,-2146.61,0,0,52.9111
3396,200,1,1,-4375.61,-3559.55,0,0,20.2556
3403,200,1,1,3148.11,3428.49,0,0,195.35
3404,200,1,1,-270.621,-284.405,0,0,39.5893
3406,200,1,1,-3203.2,-1498.46,0,0,192.282
3408,200,1,1,4830.61,3036.38,0,0,89.1603
3413,200,1,1,190.337,-3366.93,0,0,71.742
3423,200,1,1,1537.52,93.8159,0,0,41.9048
3426,200,1,1,-3724.34,-1754.12,0,0,168.427
3430,200,1,1,-3390.59,295.223,-228.542,1371.45,80.4329
3434,200,1,1,2300.44,3244.21,0,0,138.959
3437,200,1,1,-642.567,-1507.4,0,0,1.78218
3444,200,1,1,-864.265,-1138.96,0,0,41.3042
3452,200,1,1,-298.202,2095.05,0,0,80.455
3455,200,1,1,-4699.33,-1704.71,0,0,124.655
3471,200,1,1,-1033.89,-1421.9,0,0,130.509
3478,200,1,1,4785.05,-3564.97,0,0,166.436
3489,200,1,1,-1409.44,-2643.44,0,0,93.6102
3494,200,1,1,-2040.9,-3834.33,0,0,194.328
3496,200,1,1,4045.29,4157.76,0,0,164.908
3499,200,1,1,815.853,-4966.05,0,0,0.527019
3505,200,1,1,-2816.27,-2825.35,0,0,138.636
3506,200,1,1,1588.25,1831.06,0,0,129.949
3509,200,1,1,2463.8,-202.928,246.376,-142.061,17.8653
3512,200,1,1,-3949.04,-3660.67,0,0,169.245
3516,200,1,1,-3968.41,4152.66,0,0,192.929
3518,200,1,1,2792.17,717.681,0,0,120.052
3528,200,1,1,-2402.01,-4941.81,0,0,118.652
3532,200,1,1,-1687.57,-2848.17,0,0,149.767
3537,200,1,1,-551.055,153.491,0,0,63.3238
3540,200,1,1,-1441.77,-4850.22,0,0,40.3961
3541,200,1,1,3773.41,-872.17,0,0,182.509
3544,200,1,1,4460.81,1787.3,0,0,67.721
3545,200,1,1,-4082.42,-3501.02,0,0,0.135908
3547,200,1,1,-2072.09,4211.78,0,0,129.18
3552,200,1,1,99.0893,379.177,0,0,34.9928
3561,200,1,1,-2040.94,3213.23,0,0,186.958
3572,200,1,1,-1224.32,349.251,0,0,58.7867
3574,200,1,1,-2178.95,4815.41,0,0,125.267
3577,200,1,1,4317.95,821.561,0,0,188.95
3586,200,1,1,-2598.27,-2110.61,0,0,54.3808
3587,200,1,1,-4039.5,4056.53,0,0,175.203
3591,200,1,1,1590.06,-4347.76,0,0,120.095
3592,200,1,1,4526.86,2290.37,0,0,77.5565
3596,200,1,1,1718.72,2713.57,0,0,36.1925
3602,200,1,1,-4992.84,-3368.79,0,0,98.2806
3603,200,1,1,-922.306,1824.51,0,0,129.522
3606,200,1,1,3351.72,-527.17,0,0,164.122
3608,200,1,1,-3839.3,-201.859,0,0,183.062
3612,200,1,1,-4909.89,1713.79,0,0,127.684
3614,200,1,1,3226.52,-3746.53,0,0,13.0791
3620,200,1,1,-1771.99,2264.58,0,0,86.6327
3621,200,1,1,-1204.97,-2754.23,0,0,30.8803
3622,200,1,1,-779.289,-1718.49,0,0,70.4665
3623,200,1,1,3945.79,-2998.09,0,0,129.991
3631,200,1,1,-3416.45,1153.51,0,0,97.0076
3634,200,1,1,-3982.29,1434.46,0,0,46.5901
3639,200,1,1,4619.78,861.755,0,0,42.37
3646,200,1,1,2541.01,4754.69,0,0,120.768
3650,200,1,1,3347.91,4956.65,0,0,158.185
3651,200,1,1,107.529,4708.45,0,0,78.0663
3652,200,1,1,-3273.75,3511.76,0,0,170.291
3653,200,1,1,3723.29,-825.872,0,0,99.5899
3654,200,1,1,-47.9278,-3209.11,0,0,157.642
3658,200,1,1,2917.85,-2155.91,0,0,93.23
3663,200,1,1,631.157,4299.78,0,0,168.87
3670,200,1,1,-2201.12,-2227.46,0,0,97.0299
3684,200,1,1,-2995.28,-2335.23,0,0,104.003
3685,200,1,1,1495.39,-1940.44,0,0,92.2568
3699,200,1,1,-340.976,-2.55266,0,0,114.23
3702,200,1,1,3698.02,3492.82,0,0,42.7465
3704,200,1,1,-3699.71,-180.592,0,0,26.9143
3727,200,1,1,2605.4,1732.6,0,0,154.806
3735,200,1,1,379.55,-687.842,0,0,119.615
3736,200,1,1,-4862.82,-4052.6,0,0,57.158
3744,200,1,1,169.941,1938.88,0,0,39.5268
3753,200,1,1,-4055.62,-2986.09,0,0,88.0392
3754,200,1,1,2704.39,3302.02,0,0,65.4667
3757,200,1,1,1511.61,1898.74,0,0,55.4551
3759,200,1,1,1648.55,-2764.24,0,0,60.6015
3764,200,1,1,-4500.49,-4282.58,0,0,126.645
3768,200,1,1,1960.46,1471.94,0,0,31.501
3772,200,1,1,-3077.37,687.535,0,0,84.9033
3774,200,1,1,-4547.03,-2708.88,0,0,82.7503
3777,200,1,1,2576.12,1691.28,0,0,77.1705
3787,200,1,1,-1692.79,-3199.82,0,0,163.02
3790,200,1,1,1140.16,-1500.13,0,0,181.557
3796,200,1,1,-526.928,-2159.43,0,0,41.5744
3800,200,1,1,4379.65,-3810.66,0,0,155.47
3801,200,1,1,-3585.03,-2922.25,0,0,160.909
3811,200,1,1,-2109.56,-1771.12,0,0,119.401
3815,200,1,1,-1875.63,504.387,0,0,70.2177
3819,200,1,1,-4426.01,4765.25,0,0,44.2679
3827,200,1,1,-3106.61,-4463.51,0,0,96.2445
3828,200,1,1,3923.75,4166.53,0,0,113.89
3837,200,1,1,3826.5,1503.94,0,0,194.35
3838,200,1,1,2436.31,-757.82,0,0,137.404
3845,200,1,1,4411.52,-2709.97,0,0,86.1238
3859,200,1,1,-4708.78,-2764.06,0,0,172.21
3863,200,1,1,4483.88,4937.97,0,0,37.6587
3865,200,1,1,1283.55,1884.77,0,0,107.879
3866,200,1,1,-1428.49,-1584.67,0,0,0.636449
3869,200,1,1,2165.94,2939.14,0,0,46.217
3870,200,1,1,-2539.46,1011.27,0,0,192.405
3871,200,1,1,-4282.08,1699.8,0,0,158.328
3878,200,1,1,-2407.79,3326.26,0,0,92.2453
3882,200,1,1,1341.39,3570.88,-14.6276,185.561,65.7625
3886,200,1,1,794.687,3162.69,0,0,47.8524
3894,200,1,1,-3126.55,3199.41,0,0,84.9619
3896,200,1,1,4736.66,1219.45,0,0,159.038
3899,200,1,1,-4490.33,-2080.5,0,0,174.741
3901,200,1,1,-4505.76,731.724,0,0,112.014
3907,200,1,1,4550.52,-4979.2,0,0,103.61
3908,200,1,1,4819.04,-3519.45,0,0,105.904
3910,200,1,1,3441.34,-4895.8,0,0,108.59
3911,200,1,1,-4448.43,-764.286,0,0,64.1324
3915,200,1,1,4011.36,-4746.93,0,0,115.736
3921,200,1,1,-685.9,552.536,0,0,2.44189
3922,200,1,1,4578.59,2898.32,0,0,21.8991
3928,200,1,1,-4744.98,3077.24,0,0,150.277
3929,200,1,1,1942.41,-4680.48,0,0,126.663
3930,200,1,1,2673.53,3407.21,0,0,199.22
3933,200,1,1,-2091.91,2710.82,0,0,20.2369
3935,200,1,1,1258.74,3262.84,0,0,0.752131
3942,200,1,1,-3698.55,621.921,0,0,161.237
3948,200,1,1,1546.37,-2518.28,0,0,87.1707
3956,200,1,1,4064.41,4163.11,0,0,63.5355
3964,200,1,1,-2934.67,1736.29,0,0,197.186
3966,200,1,1,4317.44,4903.91,0,0,145.023
3967,200,1,1,-3306.76,-3208.83,0,0,148.749
3971,200,1,1,-2339.97,2794.95,0,0,122.065
3973,200,1,1,-1037.31,-1440.31,0,0,72.6326
3974,200,1,1,566.013,2134.54,0,0,66.9308
3981,200,1,1,2314.5,2971.09,0,0,8.35991
3997,200,1,1,-1294.61,-4614.89,0,0,164.972
4005,200,1,1,1045.53,798.421,0,0,13.7683
4013,200,1,1,-3796.47,-391.789,0,0,28.709
4016,200,1,1,3189.88,2685.03,0,0,64.8722
4017,200,1,1,-4813.01,-1173.94,0,0,57.9162
4019,200,1,1,1439.46,-1820.45,0,0,3.8482
4025,200,1,1,3608.65,-289.025,0,0,82.1561
4026,200,1,1,4815.99,-3709.51,0,0,180.912
4027,200,1,1,-3335.3,3011.38,0,0,48.8331
4034,200,1,1,4781.41,1017.53,0,0,125.897
4039,200,1,1,-239.605,-4582.47,0,0,32.5916
4050,200,1,1,-4242.21,-1633.38,0,0,53.1839
4055,200,1,1,1416.69,3619.58,0,0,181.205
4062,200,1,1,2963.21,-4200.29,0,0,146.259
4070,200,1,1,-3634.68,4426.27,0,0,47.8318
4076,200,1,1,-2212.18,-1529.54,0,0,166.12
4078,200,1,1,-4371.69,2183.64,0,0,90.9837
4086,200,1,1,-4838.11,-1810.5,0,0,6.15218
4097,200,1,1,-915.485,-7155.1,991.333,-2497.27,112.479
4102,200,1,1,-917.935,3755.78,0,0,33.5607
4103,200,1,1,1070.83,4185.66,0,0,59.7429
4105,200,1,1,870.835,-4867.46,0,0,20.6841
4106,200,1,1,3923.57,-4751.75,0,0,32.5537
4110,200,1,1,-2122.24,4932.82,0,0,88.4692
4112,200,1,1,2921.09,-438.099,0,0,104.49
4114,200,1,1,-764.96,-2861.5,0,0,179.998
4119,200,1,1,-3041.48,3624.78,0,0,191.532
4120,200,1,1,-2061.32,-4252.7,0,0,77.1796
4123,200,1,1,-2640.91,2620.43,0,0,187.385
4124,200,1,1,2028.93,-3444.16,1.19534,11.5387,192.622
4130,200,1,1,-765.497,3004.65,0,0,39.6749
4134,200,1,1,4860.37,4943.08,0,0,151.71
4143,200,1,1,4068.5,-1583.87,0,0,21.3522
4145,200,1,1,4003.72,-2730.21,0,0,89.402
4147,200,1,1,1032.87,2584.29,0,0,175.039
4151,200,1,1,-1841.85,2591.85,0,0,8.0002
4153,200,1,1,-740.803,-1237.25,0,0,8.45578
4154,200,1,1,-3092.88,-1162.58,0,0,2.10965
4161,200,1,1,-960.281,3475.06,0,0,74.6293
4163,200,1,1,-2000.22,3860.66,0,0,165.615
4168,200,1,1,1600.44,-1543.75,0,0,111.164
4174,200,1,1,1469.36,1297.93,0,0,7.79291
4186,200,1,1,-4283.86,-2739.7,0,0,82.731
4187,200,1,1,-2829.18,1368.23,0,0,43.385
4189,200,1,1,1420.4,1214.08,0,0,154.312
4190,200,1,1,1131.57,3710.99,0,0,47.3053
4193,200,1,1,3394.45,-4544.58,0,0,107.587
4199,200,1,1,1018.52,4458.75,0,0,52.8986
4203,200,1,1,-4359.43,2595.6,0,0,13.3429
4213,200,1,1,-1780.18,-4469.38,0,0,10.0458
4220,200,1,1,1470.17,-639.168,0,0,77.8747
4224,200,1,1,4149.81,1828.07,0,0,76.089
4227,200,1,1,3324.73,-2571.67,0,0,165.032
4230,200,1,1,-3902.08,4430.38,0,0,176.306
4234,200,1,1,700.792,-3975.89,0,0,65.9992
4240,200,1,1,941.818,-3348.52,0,0,172.905
4250,200,1,1,-476.254,-3759.53,0,0,93.7037
4253,200,1,1,1666.68,-3513.74,0,0,175.098
4258,200,1,1,-4860.73,1982.16,0,0,197.769
4262,200,1,1,3579.72,-290.434,0,0,35.7138
4270,200,1,1,3581.8,-2180.39,0,0,184.745
4281,200,1,1,-2773.13,2031.87,0,0,181.34
4282,200,1,1,2622.29,-4418.12,0,0,6.30512
4287,200,1,1,3930,-419.355,0,0,121.675
4291,200,1,1,4651.99,-149.392,0,0,163.749
4292,200,1,1,-4781.06,3574.09,38.7505,99.1912,141.406
4293,200,1,1,-2523.2,-371.152,0,0,137.224
4294,200,1,1,3402.42,1380.62,0,0,17.8188
4304,200,1,1,956.228,3417.68,0,0,59.228
4305,200,1,1,-1149.77,-1161.3,0,0,107.532
4313,200,1,1,2152.08,1898.56,0,0,131.48
4314,200,1,1,2771.72,-4176.39,0,0,34.6409
4315,200,1,1,-2592.05,1366.45,-52.8046,-104.213,26.3294
4317,200,1,1,-3619.71,468.858,0,0,159.823
4319,200,1,1,4034.89,-4703.34,0,0,191.944
4320,200,1,1,3296.25,-3987.26,0,0,117.929
4322,200,1,1,4201.79,-1301.92,0,0,162.143
4327,200,1,1,3267.33,-2751.38,0,0,154.46
4334,200,1,1,3968.08,-3267.13,0,0,25.0099
4335,200,1,1,-2200.88,939.833,0,0,156.564
4338,200,1,1,-304.592,-1472.05,0,0,95.3961
4344,200,1,1,-2949.25,-513.091,0,0,51.8626
4350,200,1,1,-3398.9,-4868.98,0,0,51.8116
4351,200,1,1,3464.22,-3217.77,0,0,37.6443
4357,200,1,1,1506.56,-3653.18,0,0,194.082
4358,200,1,1,-2836.07,-1101.35,0,0,199.008
4362,200,1,1,1876.31,-1592.84,0,0,121.254
4364,200,1,1,3482.1,-4660.04,0,0,146.156
4370,200,1,1,-1433.35,-214.845,0,0,59.6572
4371,200,1,1,4006.31,2960.83,0,0,49.3392
4374,200,1,1,3023.96,-1734.97,0,0,85.8456
4378,200,1,1,3674.64,-3930.56,0,0,1.22921
4380,200,1,1,-3178.36,-140.531,0,0,168.003
4381,200,1,1,4157,1114.2,0,0,160.378
4383,200,1,1,-2435.23,-545.361,0,0,60.6014
4385,200,1,1,135.722,1969.64,0,0,87.0848
4388,200,1,1,-1926.25,-2456.85,0,0,178.159
4390,200,1,1,2107.37,-2005.26,0,0,111.507
4392,200,1,1,2346.51,-4350.16,11.1348,-31.0709,173.901
4394,200,1,1,1342.35,1740.07,0,0,4.94272
4400,200,1,1,-2417.58,4050.98,0,0,71.6839
4403,200,1,1,-3616.56,-1631.78,0,0,53.7201
4404,200,1,1,2036.92,912.832,0,0,106.727
4409,200,1,1,972.162,684.197,0,0,106.501
4417,200,1,1,-4882.56,-570.379,0,0,102.293
4418,200,1,1,-4945.12,-3475.6,0,0,119.936
4419,200,1,1,449.955,4005.13,0,0,179.479
4426,200,1,1,-2145.07,-3232.57,0,0,19.3351
4428,200,1,1,-1707.17,-3426.37,0,0,141.888
4432,200,1,1,399.64,2778.93,0,0,22.1054
4433,200,1,1,1106.03,944.514,0,0,51.7298
4436,200,1,1,-4737.26,800.275,0,0,51.1112
4437,200,1,1,-146.029,3984.39,0,0,126.569
4439,200,1,1,2813.32,-4401.59,0,0,39.0944
4441,200,1,1,-3987.97,2448.9,0,0,149.188
4446,200,1,1,1203.59,4435.53,0,0,140.423
4447,200,1,1,-845.776,-3884.43,0,0,49.5825
4448,200,1,1,517.928,4454.21,0,0,87.4398
4461,200,1,1,2678.87,-2229.4,0,0,39.4345
4468,200,1,1,-544.526,-2011.03,0,0,157.73
4469,200,1,1,4509.48,4117.01,0,0,192.625
4470,200,1,1,-1224.23,61.8569,0,0,197.563
4471,200,1,1,2040.82,598.524,0,0,74.9629
4476,200,1,1,4508.1,-4502.9,0,0,170.645
4477,200,1,1,2258.52,1520.55,0,0,12.2755
4481,200,1,1,-3332.05,-1370.71,0,0,138.263
4498,200,1,1,-4748.3,-1551.06,0,0,21.6352
4502,200,1,1,3995.51,3155.75,0,0,126.945
4504,200,1,1,2934.69,155.639,0,0,118.834
4507,200,1,1,-3616.09,3839.44,0,0,87.2735
4510,200,1,1,-4792.26,1424.86,0,0,154.912
4514,200,1,1,-20.9322,-3791.29,0,0,66.8977
4522,200,1,1,4681.95,-4250.62,0,0,126.903
4524,200,1,1,433.559,-3849.09,0,0,73.8319
4539,200,1,1,-3441.31,3864.69,0,0,49.4452
4542,200,1,1,4587.58,-4062.2,0,0,98.4501
4546,200,1,1,58.8229,-2889.6,0,0,68.8477
4551,200,1,1,-4963.71,1378.97,0,0,112.31
4555,200,1,1,4602.52,-3226.22,0,0,37.3406
4556,200,1,1,-1400.67,1754.45,0,0,120.821
4557,200,1,1,-4382.83,2775.19,0,0,110.787
4562,200,1,1,-2130.09,-1810.24,0,0,26.2556
4563,200,1,1,-849.575,2797.16,0,0,8.0229
4568,200,1,1,566.054,-4397.61,0,0,7.58136
4571,200,1,1,1543.74,-4746.96,0,0,67.0419
4572,200,1,1,2928.19,2965.58,0,0,59.0775
4575,200,1,1,3924.94,-1117.11,0,0,45.3094
4577,200,1,1,-3385.4,-3974.94,0,0,189.363
4580,200,1,1,-2432.69,-1441.32,0,0,135.192
4581,200,1,1,-4204.72,3517.48,0,0,120.799
4587,200,1,1,226.937,1918.8,0,0,63.1672
4590,200,1,1,4079.79,-1718.52,0,0,121.705
4592,200,1,1,481.125,-4359.84,0,0,180.326
4593,200,1,1,4377.58,-2911.26,0,0,173.147
4595,200,1,1,-4195.17,1724.45,0,0,121.018
4607,200,1,1,4999.02,-4269.17,0,0,143.094
4610,200,1,1,-660.436,3641.07,0,0,28.5877
4614,200,1,1,1903.98,-3632.3,0,0,93.7021
4619,200,1,1,4890.62,3962.96,0,0,198.72
4629,200,1,1,2338.05,1234.71,0,0,131.562
4632,200,1,1,3375.76,-484.016,0,0,196.669
4635,200,1,1,-3224.21,-2299.75,0,0,156.938
4639,200,1,1,-753.749,437.153,0,0,107.128
4645,200,1,1,-392.875,4081.69,0,0,62.7881
4647,200,1,1,1143.92,-4682.41,0,0,49.7117
4648,200,1,1,-2644.63,-1100.25,0,0,148.088
4649,200,1,1,-2185.06,14.9044,0,0,185.02
4655,200,1,1,-787.555,-1811.53,0,0,77.8077
4656,200,1,1,-472.164,-3341.43,0,0,51.8765
4657,200,1,1,4981.83,1920.6,0,0,91.8065
4658,200,1,1,-1800.79,-3121.69,0,0,115.731
4662,200,1,1,406.03,-1777.19,0,0,186.981
4663,200,1,1,1231.79,-4694.45,0,0,159.042
4666,200,1,1,589.158,-562.536,0,0,102.901
4673,200,1,1,-3336.05,3234.02,0,0,60.4343
4674,200,1,1,842.279,-2447.63,0,0,99.2565
4677,200,1,1,851.662,1941.05,0,0,36.0693
4679,200,1,1,-753.224,1516.36,0,0,32.0998
4680,200,1,1,-837.287,3881.08,0,0,37.282
4688,200,1,1,-1898.42,-4433.45,0,0,132.845
4691,200,1,1,3246.7,-2842.64,0,0,46.5789
4698,200,1,1,-3325.29,-3359,0,0,107.956
4699,200,1,1,-1834.14,-138.13,0,0,34.9004
4700,200,1,1,-2602.84,2406.73,0,0,80.9515
4707,200,1,1,-238.034,3734.84,0,0,178.925
4723,200,1,1,-1268.55,-1890.64,-7.30992,-73.1184,86.6414
4727,200,1,1,-125.879,2867.4,0,0,0.651313
4728,200,1,1,-2113.77,-4506.57,0,0,176.463
4731,200,1,1,-690.365,-3584.33,0,0,171.566
4754,200,1,1,2613.55,4567.99,0,0,107.35
4766,200,1,1,4604.9,-752.906,0,0,198.477
4773,200,1,1,4542.15,2495.47,0,0,181.968
4774,200,1,1,-3485.42,-458.875,0,0,194.792
4779,200,1,1,4830.83,-1655.34,0,0,63.3948
4782,200,1,1,-2369.34,-3760.41,0,0,19.8266
4788,200,1,1,319.007,-3700.29,0,0,150.921
4804,200,1,1,-4103.59,1822.45,0,0,112.949
4809,200,1,1,-2080.13,891.606,-749.571,-3255.44,164.844
4811,200,1,1,1682.63,-1010.41,0,0,91.4053
4815,200,1,1,-521.804,408.342,0,0,18.9739
4824,200,1,1,924.956,2349.43,0,0,107.233
4826,200,1,1,4420.77,-3948.73,0,0,134.33
4830,200,1,1,166.187,4745.54,0,0,90.9508
4832,200,1,1,4397.63,-3866.26,0,0,134.468
4841,200,1,1,3728.37,3994.64,0,0,32.2808
4846,200,1,1,-2758.78,-815.693,0,0,146.272
4848,200,1,1,-2419.43,-804.132,0,0,37.0719
4850,200,1,1,-43.5336,-4185.04,0,0,41.7193
4851,200,1,1,93.0098,2721.48,0,0,124.666
4853,200,1,1,-4283.76,3258.53,0,0,172.168
4858,200,1,1,-1950.06,2276.99,0,0,66.0534
4862,200,1,1,-378.063,3979.86,0,0,55.5609
4864,200,1,1,4803.55,-1101.74,0,0,75.6867
4867,200,1,1,-1955.18,-2677.03,0,0,64.7384
4875,200,1,1,336.178,-4659.18,0,0,42.0692
4879,200,1,1,768.649,-2862.37,0,0,57.1539
4886,200,1,1,1558.35,-4966.16,0,0,98.7303
4893,200,1,1,-85.9599,975.635,0,0,8.46731
4894,200,1,1,-2303.49,-2672.94,0,0,93.6915
4895,200,1,1,1332.95,-681.606,0,0,159.774
4896,200,1,1,1862.21,-4307.31,0,0,37.7809
4901,200,1,1,-364.443,3623.94,0,0,150.188
4906,200,1,1,-2794.73,-1993.92,0,0,161.726
4916,200,1,1,3774.14,2224.61,0,0,71.3144
4922,200,1,1,2162.93,-3094.54,0,0,10.9035
4933,200,1,1,1586.29,709.35,0,0,22.6302
4940,200,1,1,3226.27,-3809.35,0,0,74.9978
4948,200,1,1,3020.33,2677.54,0,0,20.7627
4949,200,1,1,1164.13,-3543.28,0,0,15.4805
4950,200,1,1,-2790.63,2294.79,0,0,177.998
4952,200,1,1,-3106.4,632.253,0,0,140.858
4955,200,1,1,-2002.18,-3578.56,0,0,119.329
4956,200,1,1,-2783.86,2883.46,0,0,150.915
4960,200,1,1,-456.298,4141.04,0,0,186.772
4965,200,1,1,3234.25,4953.95,0,0,104.153
4972,200,1,1,-4624.05,-972.452,0,0,134.814
4978,200,1,1,656.772,2868.51,0,0,82.1921
4980,200,1,1,2964.65,-264.068,0,0,80.7334
4981,200,1,1,3127.2,4173.85,0,0,139.05
4985,200,1,1,3803.85,4011.66,0,0,145.697
4988,200,1,1,-2933.6,-2162.6,0,0,48.0404
4989,200,1,1,-69.9876,-3777.55,0,0,51.8365
4991,200,1,1,-1972.22,-1686.39,0,0,54.81
4997,200,1,1,3991.86,4650.93,0,0,103.506
4998,200,1,1,4648.62,4919.21,0,0,82.5143
5006,200,1,1,-3817.81,-1697.99,0,0,151.411
5031,200,1,1,258.183,3038.27,0,0,82.4886
5034,200,1,1,-2812.06,55.0353,0,0,182.335
5040,200,1,1,-4129.61,1840.49,0,0,113.022
5042,200,1,1,1843.26,4199.23,0,0,182.726
5049,200,1,1,-3248.82,1594.21,0,0,185.81
5050,200,1,1,-1569.5,563.538,0,0,105.194
5052,200,1,1,4662.7,3630.23,0,0,150.697
5057,200,1,1,-1607.98,-4282.5,0,0,57.5639
5062,200,1,1,1430.87,1970.15,0,0,122.153
5074,200,1,1,-3326.31,-3709.06,0,0,86.271
5075,200,1,1,-2511.08,-2639.14,0,0,164.981
5076,200,1,1,-1810.42,-3661.24,0,0,177.509
5081,200,1,1,-1961.74,1314.35,0,0,141.249
5083,200,1,1,-3810.58,2020.8,0,0,150.335
5084,200,1,1,-978.847,-3867.25,0,0,40.2598
5085,200,1,1,3025.48,-4151.77,0,0,18.1687
5091,200,1,1,-3399.31,-44.4525,0,0,38.9965
5098,200,1,1,-2847.55,1695.11,0,0,8.82958
5101,200,1,1,4680.85,-3606.11,0,0,98.0463
5103,200,1,1,-1285.14,-2288.81,0,0,136.577
5108,200,1,1,-3225.35,-3908.06,0,0,147.462
5118,200,1,1,-897.315,1448.31,0,0,92.9662
5119,200,1,1,-869.195,3194.64,0,0,110.288
5120,200,1,1,1410.56,-4828.58,0,0,161.129
5123,200,1,1,-694.994,674.578,0,0,91.7086
5124,200,1,1,-2757.04,567.044,0,0,112.8
5125,200,1,1,-28.0953,-2038.34,0,0,196.602
5134,200,1,1,935.674,2609.39,0,0,102.689
5136,200,1,1,4297.36,-1223.99,0,0,61.4575
5137,200,1,1,4270.04,-3434.14,0,0,187.547
5140,200,1,1,-2398.06,-4034.15,0,0,143.246
5151,200,1,1,3105.43,-4374.11,0,0,58.7882
5157,200,1,1,-227.884,1460.26,0,0,155.043
5159,200,1,1,-3424.58,-2335.77,0,0,10.0636
5161,200,1,1,3830.44,-1089.03,0,0,152.15
5164,200,1,1,652.309,-3102.63,0,0,109.213
5166,200,1,1,2335.6,-2595.01,0,0,49.8042
5167,200,1,1,2268.35,-3882.96,0,0,122.396
5168,200,1,1,399.081,-130.613,0,0,84.8862
5171,200,1,1,347.347,-3557.22,0,0,32.3179
5176,200,1,1,-3388.3,-861.126,0,0,188.417
5177,200,1,1,2233.24,-3329.28,0,0,127.746
5187,200,1,1,2551.35,-678.041,0,0,171.764
5199,200,1,1,-4539.24,-1178.13,0,0,150.44
5206,200,1,1,-4469.6,-4375.71,0,0,36.4628
5216,200,1,1,1927.04,2100.33,0,0,171.876
5217,200,1,1,-1946.45,2150.97,0,0,83.3828
5226,200,1,1,-2815.31,-4815.69,0,0,23.0154
5230,200,1,1,-4030.86,280.742,0,0,105.549
5238,200,1,1,-12.4677,-1204.98,0,0,157.869
5245,200,1,1,-2869.91,-911.533,0,0,21.238
5247,200,1,1,246.767,-4538.25,0,0,27.4388
5250,200,1,1,-2612.38,-3137.54,0,0,146.983
5258,200,1,1,-2044.62,-982.333,0,0,179.447
5262,200,1,1,4697.39,-3210.07,0,0,156.778
5265,200,1,1,1616.9,-4307.85,0,0,64.6725
5269,200,1,1,-2429.98,2345.24,0,0,189.642
5271,200,1,1,-1957.84,-3546.01,0,0,189.44
5273,200,1,1,-2603.15,-1956.74,0,0,168.721
5279,200,1,1,3134.5,464.857,0,0,36.0516
5280,200,1,1,-2868.07,1733.28,0,0,30.7499
5285,200,1,1,3550.95,2451.76,0,0,16.9052
5288,200,1,1,-4557.92,-4320.78,0,0,152.494
5290,200,1,1,467.509,-3209.65,0,0,119.633
5295,200,1,1,-4343.19,2042.49,0,0,26.9377
5296,200,1,1,4470.63,-977.857,0,0,183.204
5298,200,1,1,-26.2371,-2775.91,0,0,53.3671
5310,200,1,1,572.258,-1009.83,0,0,1.36477
5318,200,1,1,-3663.48,1628.99,0,0,102.796
5319,200,1,1,2173.1,4815.54,0,0,13.9191
5323,200,1,1,4246.22,4137.11,0,0,198.235
5329,200,1,1,3570.76,-2785.52,0,0,155.58
5332,200,1,1,1084.79,-1415.47,0,0,86.1228
5334,200,1,1,-3918.66,-3403.81,0,0,163.619
5337,200,1,1,26.1422,3393.71,0,0,129.016
5350,200,1,1,4272.97,-2584.62,0,0,189.094
5352,200,1,1,-2401.51,903.164,0,0,181.896
5375,200,1,1,4669.66,3561.38,0,0,158.477
5381,200,1,1,2799.62,4506.23,0,0,47.633
5391,200,1,1,2334.82,1517.37,0,0,74.1508
5393,200,1,1,-1102.93,1982.7,0,0,177.032
5395,200,1,1,-3169.01,2619.35,0,0,96.3315
5405,200,1,1,1835.59,-3041.97,0,0,106.594
5409,200,1,1,-4225.34,758.506,0,0,34.0305
5411,200,1,1,-1190.59,3210.42,0,0,37.5611
5412,200,1,1,-4380.39,-4898.18,0,0,28.4382
5418,200,1,1,1101.89,3228.39,0,0,134.152
5420,200,1,1,915.209,-946.602,0,0,73.7846
5422,200,1,1,3126.9,-1715.85,0,0,140.389
5425,200,1,1,-630.578,-2615.12,0,0,100.985
5438,200,1,1,-3077.67,-4742.71,0,0,41.8983
5439,200,1,1,-3087.33,949.41,0,0,127.913
5447,200,1,1,-461.02,4809.99,0,0,93.7783
5448,200,1,1,670.959,-4058.61,0,0,27.7189
5451,200,1,1,-3662.16,-3236.49,0,0,145.43
5454,200,1,1,2200.24,3740.78,0,0,128.711
5462,200,1,1,4666.07,-1973.91,0,0,102.981
5464,200,1,1,-4240.23,4494.02,0,0,58.1469
5469,200,1,1,-3399.32,2843.15,0,0,33.2729
5470,200,1,1,-212.769,-3175.26,0,0,41.8551
5472,200,1,1,-4317.57,-1628.22,0,0,188.949
5476,200,1,1,1789.35,-1206.42,0,0,58.4328
5482,200,1,1,-3940.79,-3895.33,0,0,118.679
5485,200,1,1,-3503.09,-2869.48,0,0,95.4601
5496,200,1,1,-3915.53,-3948.32,0,0,171.003
5498,200,1,1,-4298.72,-1075.92,0,0,80.8524
5500,200,1,1,741.702,1662.79,0,0,30.3717
5502,200,1,1,326.75,4200.1,0,0,141.456
5504,200,1,1,-4674.83,146.141,0,0,184.508
5506,200,1,1,-2612.28,1992.99,0,0,33.8913
5507,200,1,1,1447.52,-3559.48,0,0,169.497
5508,200,1,1,4483.04,397.873,0,0,175.244
5510,200,1,1,2319.34,2321.58,0,0,138.163
5511,200,1,1,3713.29,-3715.11,0,0,93.2859
5522,200,1,1,-1382.18,82.6488,0,0,77.4584
5524,200,1,1,2214.13,3138.79,0,0,82.1664
5530,200,1,1,-2259.27,-3205.19,0,0,135.577
5538,200,1,1,-581.625,2295.03,0,0,139.35
5545,200,1,1,143.291,-1998.51,0,0,53.0948
5551,200,1,1,4476.04,-4881.45,0,0,194.43
5552,200,1,1,2243.53,944.995,0,0,104.109
5554,200,1,1,-403.576,3430.97,0,0,61.7302
5559,200,1,1,-1022.94,4182.96,0,0,155.803
5561,200,1,1,-4198.44,-1708.23,0,0,59.4784
5562,200,1,1,3279.14,-798.885,0,0,30.9881
5565,200,1,1,-3278.09,3926.41,0,0,33.8262
5567,200,1,1,-2247.43,-3236.21,0,0,150.084
5570,200,1,1,-3378.15,-2716.42,0,0,54.5018
5571,200,1,1,-3599.8,4405.07,0,0,114.853
5573,200,1,1,2376.62,-2654.58,0,0,156.026
5580,200,1,1,4538.68,2638.49,0,0,56.0807
5597,200,1,1,-1954.47,-4881.05,0,0,117.509
5599,200,1,1,366.159,2595.81,0,0,169.842
5604,200,1,1,-2702.21,4334.88,0,0,198.27
5618,200,1,1,-1675.5,-769.258,0,0,184.919
5620,200,1,1,2761.71,649.54,0,0,42.7987
5627,200,1,1,1286.2,2394.12,0,0,192.139
5640,200,1,1,-2163.13,758.638,0,0,62.22
5651,200,1,1,-4222.42,1050.37,0,0,119.737
5656,200,1,1,-29.7656,3953.84,0,0,3.90667
5657,200,1,1,1390.83,-364.981,0,0,125.527
5658,200,1,1,1464.73,-2421.91,0,0,30.0045
5661,200,1,1,-4301.46,2942.2,0,0,54.5697
5667,200,1,1,3266.96,-3157.57,0,0,27.4227
5670,200,1,1,4341.89,4420.61,0,0,117.578
5674,200,1,1,-532.094,1033.55,0,0,115.407
5676,200,1,1,3055.6,-2273.55,0,0,31.3051
5677,200,1,1,-1795.22,437.804,0,0,15.8835
5678,200,1,1,-3588,-3713.6,0,0,58.6928
5679,200,1,1,2306.51,827.796,0,0,160.779
5689,200,1,1,-4894.11,-2705.12,0,0,151.136
5693,200,1,1,-2080.84,4959.32,0,0,145.665
5698,200,1,1,3365.45,4528.36,0,0,43.3254
5699,200,1,1,3970.14,3976.65,0,0,116.55
5700,200,1,1,-1589.54,3253.22,0,0,164.994
5703,200,1,1,-3341.22,4716.22,0,0,5.84301
5706,200,1,1,2927.42,642.409,0,0,25.2879
5711,200,1,1,1788.86,4711.51,0,0,71.6665
5714,200,1,1,-4906.33,3396.21,0,0,141.176
5717,200,1,1,1761.04,-1258.57,0,0,140.387
5720,200,1,1,-2256.94,-40.815,0,0,150.673
5723,200,1,1,3464.23,-1921.34,0,0,152.201
5726,200,1,1,1213.26,4689.36,0,0,137.113
5728,200,1,1,-491.828,1997.81,0,0,89.0386
5729,200,1,1,4538.77,3527.69,0,0,0.209252
5732,200,1,1,4814.73,4608.27,0,0,131.192
5738,200,1,1,3512.71,-3347.96,0,0,87.9865
5741,200,1,1,4740.88,-4018.37,0,0,36.4838
5743,200,1,1,3580.79,-2521.91,0,0,160.285
5744,200,1,1,-1601.65,1264.08,0,0,59.8403
5745,200,1,1,4935.53,-1156.63,0,0,48.6785
5758,200,1,1,3144.89,1963.19,0,0,19.7765
5761,200,1,1,3578.53,758.831,0,0,94.4393
5763,200,1,1,649.881,3638.47,0,0,57.5495
5774,200,1,1,-4712.37,2314.43,0,0,90.5684
5775,200,1,1,-4135.9,490.272,0,0,103.705
5782,200,1,1,-2286.86,-3467.57,0,0,178.394
5784,200,1,1,2838.6,-2891.67,0,0,30.0085
5792,200,1,1,-4386.41,-934.396,0,0,156.354
5793,200,1,1,-730.56,-2748.52,0,0,67.5022
5797,200,1,1,-3705.14,-3575.89,0,0,9.77095
5799,200,1,1,-2013.63,-1884.19,0,0,151.237
5800,200,1,1,1418.7,3693.77,0,0,55.212
5803,200,1,1,-399.292,-1779.38,0,0,25.2012
5810,200,1,1,-4293.61,-1028.25,6.77367,3.39992,139.675
5819,200,1,1,-2363.49,-4741.15,0,0,37.2796
5821,200,1,1,4343.48,-2637.5,0,0,20.5268
5823,200,1,1,978.674,-4700.23,0,0,128.946
5832,200,1,1,-3552.9,1213.23,0,0,90.6609
5834,200,1,1,4647.89,-2566.11,0,0,164.09
5837,200,1,1,-3805.25,-1828.82,0,0,8.76191
5844,200,1,1,-4309.74,-2451.96,0,0,120.338
5854,200,1,1,-4949.89,1091.98,0,0,16.6807
5861,200,1,1,-1162.22,-116.043,0,0,24.7465
5862,200,1,1,-781.198,-1918.71,0,0,173.642
5866,200,1,1,4417.33,356.654,0,0,1.24227
5869,200,1,1,-1553.77,-363.942,0,0,177.693
5870,200,1,1,3973.45,-773.731,0,0,142.017
5892,200,1,1,1013.27,2485.27,0,0,99.1582
5894,200,1,1,3444.73,1706.11,0,0,50.5869
5897,200,1,1,-1474.27,2633.29,0,0,89.7553
5900,200,1,1,-59.687,-4958.9,0,0,43.9646
5903,200,1,1,-1024.18,-3901.29,0,0,113.238
5905,200,1,1,-797.229,542.875,0,0,150.312
5906,200,1,1,-4447.78,-600.841,0,0,15.8777
5912,200,1,1,3344.06,-2664.38,0,0,175.913
5914,200,1,1,816.982,-4516.82,0,0,160.958
5916,200,1,1,-2005.15,3386.34,0,0,27.1244
5918,200,1,1,3375.27,-1505.69,0,0,104.175
5924,200,1,1,1206.79,-1202.4,0,0,2.28483
5926,200,1,1,924.624,-3908.72,0,0,8.25462
5927,200,1,1,3667.89,1306.69,0,0,77.4327
5928,200,1,1,1247.58,-4350.98,0,0,64.0798
5931,200,1,1,-2948.04,1667.66,0,0,97.6419
5934,200,1,1,-862.516,3962.09,0,0,178.012
5938,200,1,1,-4179.3,-4305.46,0,0,75.1006
5939,200,1,1,-3913.65,1149.14,0,0,193.478
5940,200,1,1,-4075.49,-4084.18,0,0,134.533
5945,200,1,1,4043.28,3868.4,0,0,57.6521
5948,200,1,1,-1452.22,-1050.23,0,0,41.6682
5954,200,1,1,-2884.72,1744.45,0,0,58.6384
5957,200,1,1,1809.42,2035.83,0,0,79.7763
5959,200,1,1,-1104.4,-528.724,0,0,112.976
5961,200,1,1,2334.31,-4404,12.4627,0.409184,83.8782
5962,200,1,1,-614.527,-4897.1,0,0,128.333
5963,200,1,1,-2069.81,-1084.33,0,0,156.009
5973,200,1,1,4396.73,1988.01,0,0,36.5666
5975,200,1,1,931.812,-1014.71,-2391.04,102.79,105.384
5979,200,1,1,-341.158,-522.996,0,0,44.4048
5980,200,1,1,965.195,2548.79,0,0,38.5008
5982,200,1,1,-1173.46,4211.48,-360.617,3.22049,118.422
5986,200,1,1,183.087,-21.6882,0,0,153.079
5991,200,1,1,2589.07,349.6,0,0,86.1888
6002,200,1,1,3468.32,4401.86,0,0,174.859
6007,200,1,1,4750.74,-2432.38,0,0,10.2279
6010,200,1,1,2513.28,-1740.78,0,0,105.481
6011,200,1,1,-1381.06,-4558.87,0,0,5.87512
6012,200,1,1,685.458,-1480.85,0,0,15.6397
6014,200,1,1,-4570.09,2211.56,0,0,23.6328
6016,200,1,1,4215.71,2178.43,0,0,146.616
6019,200,1,1,-1799.81,-4515.53,0,0,173.681
6025,200,1,1,-3977.45,-580.877,0,0,57.7014
6030,200,1,1,2212.2,-2245.66,0,0,23.6736
6032,200,1,1,-2862.38,2852.89,0,0,83.1791
6034,200,1,1,-4490.17,966.625,0,0,5.61257
6035,200,1,1,2501.79,514.676,0,0,167.054
6036,200,1,1,-114.849,4807.16,0,0,61.9809
6037,200,1,1,-3782.88,-1566.26,0,0,150.062
6038,200,1,1,-4257.03,-378.144,0,0,36.9898
6045,200,1,1,-3252.99,1116.85,0,0,24.3672
6054,200,1,1,-2753.07,-1435.82,0,0,47.2311
6056,200,1,1,2153.94,-4872.53,0,0,158.674
6057,200,1,1,4469.34,4548.53,0,0,22.8831
6059,200,1,1,1144.49,4596.1,0,0,162.367
6064,200,1,1,2050.23,2061.3,0,0,62.7998
6077,200,1,1,2206.89,3361.11,0,0,113.635
6078,200,1,1,-3432.38,-3488.67,0,0,70.0099
6093,200,1,1,835.855,-1602.28,0,0,63.8073
6096,200,1,1,-3356.29,-291.272,0,0,138.933
6101,200,1,1,1455.01,-2151.9,0,0,42.3601
6105,200,1,1,4425.7,3550.5,0,0,17.8509
6107,200,1,1,1067.55,-3704.84,0,0,89.9611
6109,200,1,1,3519.27,4964.92,-472.257,469.497,123.971
6115,200,1,1,4839.83,856.901,0,0,106.196
6121,200,1,1,2331.02,4917.88,0,0,170.089
6122,200,1,1,1526.59,1768.03,0,0,105.705
6127,200,1,1,-3230.17,-2073.18,0,0,50.5261
6129,200,1,1,-1519.98,4512.32,0,0,53.2213
6130,200,1,1,1895.89,2601.17,0,0,123.166
6143,200,1,1,415.565,-521.404,0,0,23.5314
6145,200,1,1,-4825.93,2210.77,0,0,157.838
6151,200,1,1,2540.32,-3379.41,0,0,64.6992
6162,200,1,1,2082.29,2287.92,0,0,119.33
6166,200,1,1,2351.01,1215.14,0,0,83.6387
6183,200,1,1,4773.73,2259.53,0,0,96.9572
6184,200,1,1,4815.63,1506.32,0,0,0.665145
6188,200,1,1,2765.51,-42.666,0,0,27.8886
6196,200,1,1,-4750.49,-1935.75,0,0,105.846
6197,200,1,1,4357.75,582.294,0,0,127.763
6201,200,1,1,3153.19,2772.54,0,0,107.427
6204,200,1,1,-1080.41,2312.92,0,0,180.145
6206,200,1,1,3763.34,-1888.94,0,0,7.94934
6208,200,1,1,2754.45,-3701.13,0,0,40.3778
6209,200,1,1,3771.14,1531.26,0,0,89.6788
6212,200,1,1,797.827,-2269.06,0,0,194.976
6213,200,1,1,-2376.01,-2390.69,0,0,10.8758
6229,200,1,1,-3694.88,-818.571,0,0,69.7126
6243,200,1,1,-3033.83,-2273.84,0,0,11.3056
6254,200,1,1,2171.03,2526.9,0,0,147.387
6255,200,1,1,758.386,-4922.11,0,0,32.0334
6256,200,1,1,-3002.91,-2706.88,0,0,42.4793
6259,200,1,1,1695.04,4905.52,0,0,38.123
6260,200,1,1,-1313.9,-2498.87,0,0,170.129
6273,200,1,1,-1213.98,4629.3,-879.821,2080.07,22.5861
6274,200,1,1,139.472,-3649.08,0,0,152.813
6283,200,1,1,-644.161,951.072,0,0,25.8764
6284,200,1,1,-3619.66,-2401.34,-734.371,-357.397,112.124
6288,200,1,1,-4967.5,3486.84,0,0,157.473
6298,200,1,1,4381.26,-4829.52,0,0,131.489
6304,200,1,1,-357.75,-4987.25,0,0,166.244
6305,200,1,1,-1734.44,-2568.51,0,0,39.997
6306,200,1,1,2812.83,598.012,0,0,13.7173
6307,200,1,1,1496.78,-3699.57,0,0,8.20641
6311,200,1,1,-4862.29,-3939.45,0,0,132.742
6312,200,1,1,-413.452,2066.53,0,0,30.2325
6330,200,1,1,878.406,-4257.74,0,0,55.8246
6336,200,1,1,-1607.01,1200.49,0,0,193.266
6342,200,1,1,-2267.56,589.553,0,0,100.283
6343,200,1,1,-1085.64,2980.68,0,0,61.0452
6351,200,1,1,4527.58,-4593.16,0,0,20.3662
6356,200,1,1,-2594.64,1675.74,0,0,111.091
6357,200,1,1,-4711.15,-787.376,0,0,46.1171
6359,200,1,1,1256.69,-62.8895,0,0,164.593
6364,200,1,1,4535.8,2755.12,0,0,73.751
6368,200,1,1,-2783.06,-963.228,0,0,36.5914
6373,200,1,1,-3590.06,3886.47,0,0,93.8774
6384,200,1,1,-441.052,-967.919,0,0,177.684
6398,200,1,1,1668.35,2297.61,0,0,137.573
6403,200,1,1,4848.18,-268.367,0,0,141.144
6404,200,1,1,1325.8,-403.225,0,0,143.163
6406,200,1,1,80.9083,4295.61,0,0,79.7111
6420,200,1,1,679.322,2239.05,0,0,188.934
6424,200,1,1,-3993.34,-2672.23,0,0,133.612
6429,200,1,1,-4199.19,-2219.23,0,0,168.808
6433,200,1,1,-3998.85,-4207.53,0,0,184.307
6443,200,1,1,-1394.18,-4505.11,0,0,142.634
6445,200,1,1,2463.37,-2522.88,0,0,82.9726
6446,200,1,1,-3177.36,4489.1,0,0,88.6075
6448,200,1,1,4015.17,936.792,0,0,137.121
6452,200,1,1,-3334.13,-2797.89,0,0,58.5104
6470,200,1,1,-4581.93,887.518,0,0,9.94851
6474,200,1,1,4357.77,-781.021,0,0,137.373
6479,200,1,1,-2971.41,3188.47,0,0,164.629
6485,200,1,1,-913.339,4946.81,0,0,160.661
6493,200,1,1,-1878.29,4682.48,0,0,198.143
6496,200,1,1,-3423.41,-110.054,0,0,115.146
6499,200,1,1,-2734.45,-1256.99,0,0,54.4949
6500,200,1,1,4360.1,-2070.3,0,0,108.095
6501,200,1,1,469.508,4976.03,0,0,33.6823
6506,200,1,1,189.452,-1535.95,0,0,64.4491
6507,200,1,1,-734.853,-596.375,0,0,43.9708
6508,200,1,1,4065.67,4822.75,0,0,163.852
6515,200,1,1,-3626.34,4841.19,0,0,188.934
6519,200,1,1,-1625.71,4260.75,0,0,89.6741
6523,200,1,1,-2890.34,-1754.25,0,0,95.8253
6532,200,1,1,2084.89,-900.612,0,0,172.047
6539,200,1,1,-4372.27,-811.352,0,0,16.9511
6540,200,1,1,833.598,4585.79,0,0,192.367
6544,200,1,1,-439.327,-3019.95,0,0,176.499
6548,200,1,1,-2149.08,3371.36,0,0,44.394
6550,200,1,1,-1870.73,3720.34,0,0,95.6946
6563,200,1,1,-1252.36,-3791.78,0,0,152.555
6564,200,1,1,833.44,1400.34,0,0,62.444
6566,200,1,1,-1976.36,1820.48,0,0,56.1987
6567,200,1,1,1596.79,-4801.96,0,0,66.14
6568,200,1,1,-1649.84,184.739,0,0,163.136
6570,200,1,1,927.926,4872.8,0,0,123.638
6574,200,1,1,997.184,-1250.97,22.5612,-8.42799,94.5476
6576,200,1,1,1642.54,-1502.29,0,0,53.3114
6582,200,1,1,-3467.6,-1258.22,0,0,123.866
6590,200,1,1,3250.52,-923.964,0,0,53.8992
6593,200,1,1,2505.55,1647.96,0,0,168.287
6600,200,1,1,104.724,3374.02,0,0,154.318
6601,200,1,1,-4569.98,117.543,0,0,126.13
6602,200,1,1,4060.93,965.804,0,0,132.667
6604,200,1,1,877.64,2302.26,0,0,19.7987
6606,200,1,1,1664.51,-468.178,0,0,144.776
6614,200,1,1,1571.6,-1133.11,0,0,181.449
6617,200,1,1,-588.437,4397.47,0,0,99.6054
6626,200,1,1,4281,-3996.73,0,0,17.6628
6630,200,1,1,-2846.71,4494.23,0,0,13.3802
6641,200,1,1,4478.97,1263.28,0,0,185.372
6644,200,1,1,-94.8222,699.598,0,0,176.111
6651,200,1,1,-253.765,-221.543,0,0,185.883
6657,200,1,1,-713.813,-806.092,0,0,141.655
6660,200,1,1,4094.71,3880.68,0,0,120.607
6665,200,1,1,3801.53,-1713.43,0,0,154.549
6669,200,1,1,3975.29,-3195.61,-123.187,-74.3796,50.912
6674,200,1,1,1780.68,-2772.96,0,0,15.8615
6677,200,1,1,-60.9232,3820.18,0,0,74.278
6679,200,1,1,-1803.57,-917.87,0,0,75.0785
6686,200,1,1,-577.664,-1042.13,0,0,154.29
6695,200,1,1,3620.45,3463.28,0,0,92.2853
6701,200,1,1,2950.82,-1925.11,0,0,81.2541
6702,200,1,1,-384.168,2588.7,0,0,93.1211
6719,200,1,1,4689.02,-4829.79,0,0,153.194
6724,200,1,1,-4050.59,3050.93,0,0,56.2077
6734,200,1,1,1599.51,-822.333,0,0,171.111
6735,200,1,1,-2574.65,3698.58,0,0,37.7612
6740,200,1,1,-239.749,2669.92,0,0,63.5871
6748,200,1,1,-2951.04,-1672.9,0,0,124.628
6751,200,1,1,-2701.61,-3344.81,0,0,197.598
6756,200,1,1,-2961.56,2469.3,0,0,28.0793
6758,200,1,1,-4958.43,-3939.01,0,0,184.419
6759,200,1,1,2680.12,2065.34,0,0,66.2333
6765,200,1,1,-914.111,3351.78,0,0,186.729
6775,200,1,1,-4708.9,1998.47,0,0,69.3406
6776,200,1,1,-2887.11,-4577.42,0,0,57.9139
6782,200,1,1,1062.87,4990.92,0,0,39.3152
6786,200,1,1,1437.49,-2360.41,0,0,155.439
6789,200,1,1,3421.95,2149.44,0,0,5.80725
6790,200,1,1,369.686,-1582.41,0,0,88.487
6805,200,1,1,2705.89,4062.5,0,0,144.267
6809,200,1,1,-4985.73,-4215.64,0,0,68.5603
6813,200,1,1,4295.9,-3183.62,0,0,140.528
6818,200,1,1,2673.32,1913.38,0,0,119.913
6822,200,1,1,-4833.84,-2396.38,0,0,188.42
6825,200,1,1,1199.61,-3849.72,0,0,27.5381
6827,200,1,1,4140.13,2903.37,0,0,176.948
6828,200,1,1,4697.62,-3649.38,0,0,0.50732
6832,200,1,1,-876.341,1904.67,0,0,57.1221
6833,200,1,1,4582.59,2844.13,0,0,94.4802
6839,200,1,1,-3512.6,-4990.94,0,0,161.278
6846,200,1,1,-3047.87,466.563,0,0,74.9377
6850,200,1,1,-4482.3,225.186,0,0,43.051
6851,200,1,1,4192.64,-1220.01,0,0,113.792
6853,200,1,1,-359.167,-3847.9,0,0,83.3221
6855,200,1,1,-3246.57,-2380.64,0,0,46.4452
6859,200,1,1,3081.53,-405.611,0,0,50.8811
6861,200,1,1,3529.35,-4690.21,0,0,139.348
6863,200,1,1,2165,-369.689,0,0,60.3183
6864,200,1,1,4313.81,-4671.3,0,0,181.219
6866,200,1,1,4189.16,-1921.15,0,0,66.9483
6871,200,1,1,763.094,4313.61,0,0,38.9295
6872,200,1,1,-4968.01,-2738.4,0,0,66.2004
6875,200,1,1,3132.17,645.017,771.001,-335.025,27.8779
6880,200,1,1,755.564,-3550.18,0,0,23.1977
6882,200,1,1,-1873.61,-507.126,0,0,166.462
6885,200,1,1,4668.82,-88.5103,0,0,27.0074
6894,200,1,1,-3559.98,4182.87,0,0,178.266
6895,200,1,1,-1153.4,-1799.9,0,0,146.932
6904,200,1,1,525.803,-3563.59,0,0,58.0943
6916,200,1,1,-1018.8,2498.5,0,0,149.756
6931,200,1,1,-1462.12,-2770,0,0,15.9027
6934,200,1,1,3935.06,-1716.47,0,0,86.3399
6935,200,1,1,-739.186,625.33,0,0,168.381
6937,200,1,1,-172.722,7.59341,0,0,67.9114
6939,200,1,1,765.555,3297.36,0,0,71.6382
6942,200,1,1,-2274.12,2672.28,0,0,98.1137
6943,200,1,1,638.997,-2888.07,0,0,43.0603
6949,200,1,1,-2658.09,-678.646,0,0,128.674
6956,200,1,1,4606.87,1965.34,0,0,37.4206
6966,200,1,1,718.533,-476.338,0,0,105.285
6968,200,1,1,-4230.54,4226.23,0,0,42.9445
6974,200,1,1,1420.71,2609.09,0,0,124.479
6975,200,1,1,3691.77,4359.06,0,0,79.9429
6984,200,1,1,-6113.32,2645.18,-2303.6,-1612.09,38.6394
6992,200,1,1,-4336.58,3054.5,0,0,160.204
6993,200,1,1,3176.59,3347.03,0,0,160.148
6994,200,1,1,2333.24,-2301.92,0,0,187.531
7009,200,1,1,3971.15,-681.945,0,0,14.85
7010,200,1,1,-4856.62,3539.91,0,0,114.006
7018,200,1,1,-4089.15,3351.97,0,0,149.59
7020,200,1,1,4999.46,4939.6,0,0,38.9533
7021,200,1,1,4313.92,-3691.89,0,0,10.0419
7022,200,1,1,2107.22,-4510.5,0,0,64.2824
7034,200,1,1,3930.37,815.43,0,0,94.1244
7036,200,1,1,-3691.12,-2693.37,0,0,117.926
7038,200,1,1,-4165.71,-4461,0,0,64.5581
7040,200,1,1,4237.4,-4143.6,0,0,92.0648
7042,200,1,1,2465.77,130.189,0,0,103.892
7044,200,1,1,3104.67,-1714.81,0,0,176.838
7045,200,1,1,3803.74,2778.15,133.816,-14.7087,9.00116
7057,200,1,1,-1141.83,3446.74,-3.00884,2.98318,86.7261
7058,200,1,1,2455.49,1141.38,0,0,88.2517
7059,200,1,1,712.092,81.4364,0,0,24.6292
7061,200,1,1,-1306.46,1169.96,0,0,40.3396
7069,200,1,1,689.111,-3510.33,0,0,17.3008
7083,200,1,1,-4799.71,-1753.57,0,0,165.096
7094,200,1,1,-2347.74,41.0217,0,0,96.0076
7106,200,1,1,-2674.35,3486.05,0,0,159.133
7109,200,1,1,2170.7,-2464.12,0,0,41.1333
7114,200,1,1,1652.41,-3770.99,0,0,119.927
7122,200,1,1,2843.65,910.736,0,0,165.737
7123,200,1,1,3189.81,1832.21,0,0,39.2666
7127,200,1,1,-19.0704,-708.881,0,0,110.739
7132,200,1,1,266.195,3894.54,0,0,78.4019
7134,200,1,1,-4379.79,4569.48,0,0,171.512
7137,200,1,1,1154.69,765.593,0,0,68.7823
7139,200,1,1,4800.18,-1862.33,0,0,98.7382
7142,200,1,1,-747.625,-937.057,0,0,197.418
7144,200,1,1,3619.61,2989.85,0,0,40.795
7145,200,1,1,-3406.55,4025.23,0,0,48.88
7149,200,1,1,2279.93,-2879.15,0,0,25.8449
7151,200,1,1,-1450.06,-885.337,0,0,60.9982
7155,200,1,1,3031.88,2462.67,0,0,164.347
7160,200,1,1,3325.37,3152.64,0,0,115.113
7164,200,1,1,1141.53,-658.84,0,0,132.664
7171,200,1,1,3080.52,-1785.12,0,0,100.057
7178,200,1,1,-3814.44,335.004,0,0,86.0303
7190,200,1,1,3358.14,173.278,0,0,74.3458
7191,200,1,1,-4578.03,1551.59,0,0,119.972
7194,200,1,1,649.031,-3619.65,0,0,53.8357
7197,200,1,1,374.943,111.685,0,0,6.40518
7199,200,1,1,-121.726,-3137.88,0,0,101.569
7201,200,1,1,-1810.89,681.987,0,0,117.332
7203,200,1,1,2993.1,-611.684,0,0,12.571
7205,200,1,1,3697.79,-906.741,0,0,118.038
7208,200,1,1,-2199.22,-1543.18,0,0,157.12
7213,200,1,1,-2968.66,-4613.47,0,0,184.841
7214,200,1,1,-1967.59,-3211.59,0,0,168.97
7216,200,1,1,4028.32,-487.368,0,0,91.7661
7218,200,1,1,1854.92,-4697.63,0,0,179.855
7220,200,1,1,-1610.78,1530.51,0,0,67.673
7225,200,1,1,2576.64,4260.09,0,0,18.5261
7229,200,1,1,-4835.41,-865.5,0,0,40.9612
7237,200,1,1,-2081.54,346.893,0,0,36.175
7245,200,1,1,-1010.82,-585.632,0,0,199.333
7247,200,1,1,4669.95,1861.21,0,0,97.952
7251,200,1,1,3956.95,-2159.34,0,0,70.8962
7252,200,1,1,-3925.68,1259.66,0,0,2.77971
7255,200,1,1,-248.952,-3297.87,0,0,15.6503
7265,200,1,1,885.837,3249.2,0,0,63.9302
7266,200,1,1,-4326.27,-850.364,0,0,42.4451
7271,200,1,1,-4596.58,357.64,0,0,105.946
7285,200,1,1,-2783.04,4422.91,0,0,10.5114
7290,200,1,1,4265.34,-4338.32,0,0,78.087
7297,200,1,1,1948.4,-1088.47,0,0,199.642
7298,200,1,1,-1920.45,100.376,0,0,14.5198
7301,200,1,1,-3971.92,-2315.93,0,0,151.445
7302,200,1,1,-539.665,913.394,0,0,59.4646
7304,200,1,1,1567.42,-2910.21,0,0,133.188
7311,200,1,1,-514.657,73.5029,0,0,178.618
7313,200,1,1,-3000.82,2114.15,0,0,32.3038
7315,200,1,1,3869.3,-2467.91,0,0,98.9103
7322,200,1,1,4774.04,-132.808,0,0,150.665
7324,200,1,1,1980.5,2860.58,0,0,74.0109
7361,200,1,1,975.582,1725.75,0,0,108.978
7367,200,1,1,-1492.16,2914.4,0,0,68.0143
7368,200,1,1,-2896.29,-1339.19,0,0,6.25743
7374,200,1,1,745.486,2734.15,0,0,151.464
7376,200,1,1,177.474,2776.68,0,0,115.759
7381,200,1,1,1312.12,3279.18,0,0,16.9058
7382,200,1,1,-3957.34,-4737.39,0,0,147.674
7401,200,1,1,3470.84,138.228,0,0,5.95609
7404,200,1,1,-4478.26,1693.59,0,0,8.45859
7405,200,1,1,-1230.71,1581.39,0,0,11.7102
7409,200,1,1,-3034.09,-4523.37,0,0,64.0914
7413,200,1,1,3134.19,4319.85,0,0,131.69
7414,200,1,1,-4963.56,-3330,0,0,130.782
7415,200,1,1,-1627.66,-1601.96,0,0,148.952
7419,200,1,1,-3374.66,-2538.04,0,0,180.663
7422,200,1,1,3694.51,-3350.17,0,0,120.703
7423,200,1,1,4913.34,184.612,0,0,101.495
7429,200,1,1,4368.39,-30.5135,0,0,150.252
7430,200,1,1,-3091.31,-470.933,0,0,62.7039
7436,200,1,1,-1797.11,-4057.69,0,0,166.384
7441,200,1,1,434.86,1262.36,0,0,131.988
7453,200,1,1,-2751.26,-338.282,0,0,192.785
7456,200,1,1,4107.32,4041.61,0,0,139.47
7457,200,1,1,-4708.73,3336.92,0,0,93.4336
7464,200,1,1,-3264.72,3824.97,0,0,193.481
7466,200,1,1,4682.39,-1180.96,0,0,47.4001
7474,200,1,1,-4908.09,-3860.19,0,0,47.9629
7475,200,1,1,3252.16,-2645.14,0,0,166.071
7476,200,1,1,58.9592,4550.49,0,0,52.746
7481,200,1,1,-4864.01,4384.87,0,0,31.1601
7484,200,1,1,2567.03,-2648.63,0,0,92.248
7489,200,1,1,3389.04,3721.64,0,0,7.10432
7495,200,1,1,4357.95,-2264.52,0,0,118.692
7498,200,1,1,4458.95,-2192.9,0,0,111.777
7507,200,1,1,-4881.67,-3015.72,0,0,13.8003
7511,200,1,1,4774.47,-873.381,0,0,115.253
7522,200,1,1,-2309.74,-1146.35,0,0,192.89
7524,200,1,1,4454.69,-3209.97,0,0,104.238
7527,200,1,1,2487.44,3493.68,0,0,168.011
7528,200,1,1,1275.54,2548.09,0,0,72.0853
7533,200,1,1,473.659,3853.02,0,0,139.184
7537,200,1,1,-910.444,4049.75,0,0,125.572
7552,200,1,1,-3717.95,4653.92,0,0,160.718
7559,200,1,1,-4768.96,-1209.63,0,0,48.2935
7560,200,1,1,-4583.34,-4170.81,0,0,79.4678
7564,200,1,1,-1190.83,-3917.78,0,0,102.122
7576,200,1,1,3268.27,4892.99,0,0,32.8894
7580,200,1,1,1826.68,-964.135,0,0,77.7771
7584,200,1,1,3189,2390.9,0,0,154.607
7591,200,1,1,3411.88,4362.53,0,0,156.581
7593,200,1,1,-3171.17,-3042.9,0,0,195.307
7601,200,1,1,-930.707,-2768.2,0,0,49.4731
7607,200,1,1,1125.39,-707.206,0,0,123.987
7609,200,1,1,3660.08,-2841.14,0,0,38.3865
7614,200,1,1,-2135.79,2016.39,0,0,177.488
7620,200,1,1,-488.757,3397.65,0,0,97.6103
7622,200,1,1,-871.055,2551.14,0,0,73.8448
7623,200,1,1,-1757.42,2388.84,0,0,62.9391
7633,200,1,1,4816.27,-188.133,0,0,81.0217
7634,200,1,1,-4125.34,-2079.24,0,0,99.9692
7635,200,1,1,3558.54,2633.03,0,0,37.9486
7645,200,1,1,-2174.9,-589.778,0,0,26.4193
7655,200,1,1,-1996.59,2988.42,0,0,179.534
7656,200,1,1,161.188,-3505.33,0,0,156.589
7661,200,1,1,-4030.37,-1463.24,0,0,107.369
7664,200,1,1,-326.102,-1918.81,0,0,123.261
7668,200,1,1,-2871.21,2266.14,0,0,60.2253
7670,200,1,1,3239.58,-761.884,0,0,176.975
7678,200,1,1,75.4255,3781.69,0,0,153.646
7681,200,1,1,2747.3,-1687.66,0,0,31.0746
7685,200,1,1,3899.05,-935.193,0,0,133.629
7695,200,1,1,1977.16,544.838,268.974,-221.799,60.0775
7697,200,1,1,1909.83,3841.77,0,0,184.547
7703,200,1,1,2751.41,-275.473,0,0,98.9362
7711,200,1,1,-3114.65,-3289.42,0,0,191.883
7715,200,1,1,4431.11,-4582.29,0,0,115.571
7716,200,1,1,-4458.26,-3475.09,0,0,55.7257
7719,200,1,1,4791.85,18.5484,0,0,162.188
7722,200,1,1,-3378.19,-4334.82,0,0,187.968
7733,200,1,1,-3650.87,1974.58,0,0,186.387
7742,200,1,1,-1085.95,393.634,0,0,92.1649
7743,200,1,1,2488.81,908.46,0,0,29.9063
7744,200,1,1,1914.34,-2706.4,0,0,187.163
7747,200,1,1,-314.237,2182.66,0,0,179.753
7752,200,1,1,-1759.04,-1312.27,0,0,27.4164
7754,200,1,1,-613.597,3965.36,0,0,49.6291
7755,200,1,1,1423.35,539.872,0,0,30.2912
7758,200,1,1,-1880.28,4697.67,0,0,74.841
7763,200,1,1,404.781,-3554.9,0,0,171.854
7764,200,1,1,-3189.5,-3195.81,0,0,175.178
7767,200,1,1,1567.18,3526.86,0,0,123.319
7768,200,1,1,3983.62,4682.98,0,0,179.327
7775,200,1,1,-1294.21,-231.823,0,0,51.5182
7777,200,1,1,3525.27,-138.503,0,0,24.2282
7778,200,1,1,-4268.43,3582.84,0,0,112.787
7782,200,1,1,-53.3781,160.263,0,0,60.6483
7789,200,1,1,-3256.02,-4573.7,0,0,15.8695
7792,200,1,1,-4072.33,4758.67,0,0,141.582
7794,200,1,1,-4444.08,3615.57,0,0,10.3351
7806,200,1,1,-1529.75,1842.75,0,0,65.6683
7811,200,1,1,-1966.09,-35.969,0,0,61.1165
7814,200,1,1,-1749.26,1688.78,0,0,16.9673
7819,200,1,1,4539.87,-1943.4,0,0,187.441
7820,200,1,1,2202.62,-3348.33,0,0,133.839
7838,200,1,1,2602.62,4353.2,0,0,139.567
7842,200,1,1,1850.65,-3979.25,0,0,130.556
7843,200,1,1,-3276.47,-3099.17,0,0,135.182
7844,200,1,1,-2647.92,3679.19,0,0,91.1582
7847,200,1,1,-1860.75,-4158.19,0,0,194.696
7854,200,1,1,-1825.82,-612.515,0,0,133.989
7856,200,1,1,3538.82,4025.55,0,0,8.56317
7868,200,1,1,-883.678,-970.812,0,0,18.0524
7872,200,1,1,-2116.04,-3648.28,0,0,124.166
7885,200,1,1,4467.25,3413.71,0,0,163.687
7892,200,1,1,-1363.33,4868.68,0,0,66.9454
7899,200,1,1,-3731.47,1736.14,0,0,49.9097
7904,200,1,1,-1335.06,-2129.57,0,0,147.203
7908,200,1,1,-3954.66,2678.37,0,0,12.2791
7912,200,1,1,-3897.45,3598.04,0,0,76.5276
7914,200,1,1,16.6301,-1781.75,0,0,34.7797
7918,200,1,1,-2078.03,-678.165,0,0,149.43
7929,200,1,1,-3416.91,-2094.09,0,0,154.307
7932,200,1,1,-3072.18,-4621.7,0,0,10.9434
7933,200,1,1,4163.29,-860.455,0,0,149.623
7937,200,1,1,-4784.04,2534.07,0,0,141.093
7939,200,1,1,2865.32,2747.75,0,0,30.0721
7942,200,1,1,1873.42,2279.76,0,0,178.298
7944,200,1,1,-724.505,-3124.3,0,0,55.1677
7946,200,1,1,4753.73,-2441.29,0,0,71.9736
7947,200,1,1,-2884.81,3029.06,0,0,86.397
7953,200,1,1,-4819.53,-1976.15,0,0,118.929
7960,200,1,1,-1065.67,2504.38,-86.1876,-15.8775,26.6965
7967,200,1,1,2885.02,-3703.06,0,0,159.839
7968,200,1,1,3947.91,-3321.44,0,0,99.2534
7982,200,1,1,167.129,-2730.29,0,0,110.507
7983,200,1,1,-4895.41,3114.13,0,0,132.585
7989,200,1,1,-1894.49,-3815.75,0,0,1.07491
7992,200,1,1,3958.74,-124.978,0,0,98.4787
7993,200,1,1,-3985.19,-1623.84,0,0,150.713
7994,200,1,1,-2846.47,762.906,0,0,87.675
7997,200,1,1,4787.75,-3588.02,0,0,62.3168
8000,200,1,1,-1120.61,1987.12,0,0,38.2282
8017,200,1,1,-1991.15,3496.31,0,0,118.769
8018,200,1,1,1472,-4822.87,0,0,93.8643
8021,200,1,1,-4040.7,3484.74,0,0,111.72
8036,200,1,1,-2845.58,54.8174,0,0,139.472
8037,200,1,1,4024.62,-416.781,0,0,92.4179
8038,200,1,1,-3055.47,1375.4,0,0,174.471
8039,200,1,1,-4049.37,-1228.13,0,0,185.263
8046,200,1,1,3308.03,-1529.24,0,0,121.516
8048,200,1,1,4592.47,-3848.04,0,0,160.213
8050,200,1,1,-4548.87,3693.55,0,0,58.503
8051,200,1,1,590.323,-1945.47,0,0,125.322
8057,200,1,1,3126.25,1858.97,0,0,84.9759
8061,200,1,1,1422.82,-921.779,0,0,62.4409
8064,200,1,1,-4545.17,-3895.5,0,0,77.4846
8067,200,1,1,1116.54,2399.05,0,0,10.8853
8071,200,1,1,-3455.43,-4263.29,0,0,97.3669
8072,200,1,1,3422.9,-2589.79,0,0,4.43939
8074,200,1,1,-3748.02,-2548.28,0,0,35.6979
8075,200,1,1,-3480.19,2385.5,0,0,122.37
8078,200,1,1,-2615.77,-4169.33,0,0,136.411
8084,200,1,1,-1542.19,635.994,0,0,6.05719
8085,200,1,1,1820.45,2426.96,0,0,9.40238
8087,200,1,1,-548.144,-2899.01,0,0,59.3286
8094,200,1,1,-3304.69,-4803.34,0,0,143.716
8095,200,1,1,-3561.24,-1655.28,0,0,93.5021
8096,200,1,1,3896.11,-1774.67,0,0,130.302
8098,200,1,1,3612.45,-327.718,0,0,23.1663
8108,200,1,1,-1863.26,-1362.46,0,0,176.12
8116,200,1,1,-1772.53,693.916,0,0,46.8427
8124,200,1,1,-903.755,-4598.32,0,0,128.299
8126,200,1,1,-1403.32,4862.11,0,0,123.416
8128,200,1,1,707.104,2233.21,0,0,195.062
8132,200,1,1,-598.364,4676.64,0,0,106.596
8133,200,1,1,1070.28,4359.77,0,0,63.6636
8139,200,1,1,-416.454,-824.583,0,0,86.1483
8147,200,1,1,4545.81,-3450.33,0,0,38.5233
8151,200,1,1,4713.88,-818.105,0,0,176.565
8153,200,1,1,998.353,2292.89,0,0,30.4127
8157,200,1,1,3201.05,6.72319,0,0,96.5384
8163,200,1,1,-1630.34,-120.212,0,0,56.3694
8170,200,1,1,1408.55,-1967.29,0,0,41.2482
8171,200,1,1,61.2544,3840.01,0,0,94.555
8185,200,1,1,-2833.61,3902.43,0,0,63.9462
8190,200,1,1,-4627.26,-3704.9,0,0,31.5963
8191,200,1,1,-672.02,2035.08,0,0,165.56
8195,200,1,1,-3723.1,4776.51,0,0,13.1038
8198,200,1,1,82.7283,-1323.18,0,0,192.389
8202,200,1,1,925.742,3244.52,0,0,121.501
8205,200,1,1,-4280.38,-1430.72,0,0,90.6388
8206,200,1,1,-515.808,-2627.08,0,0,112.33
8214,200,1,1,1005.74,4849.1,0,0,83.0105
8219,200,1,1,-2751.03,-3655.14,0,0,157.705
8221,200,1,1,459.451,2542.06,0,0,82.282
8222,200,1,1,-1369.92,3112.59,0,0,141.511
8223,200,1,1,2015.7,1554.49,0,0,119.134
8227,200,1,1,282.623,-1276.26,0,0,193.95
8229,200,1,1,4781.05,-2636.72,0,0,121.701
8240,200,1,1,2460.81,2845.1,0,0,32.4974
8242,200,1,1,-1757.74,-4181.43,0,0,4.68944
8243,200,1,1,3863.46,2932.93,0,0,115.693
8244,200,1,1,-2207.9,707.333,0,0,184.075
8250,200,1,1,-449.302,1545.44,0,0,74.3962
8251,200,1,1,2581.44,-1623.49,0,0,106.567
8259,200,1,1,4930.25,4850.43,0,0,161.903
8262,200,1,1,2199.71,-647.566,0,0,107.045
8272,200,1,1,3238.93,-4549.51,0,0,24.6139
8273,200,1,1,2570.44,-678.396,0,0,62.1604
8277,200,1,1,-1917.74,2346.65,0,0,138.164
8278,200,1,1,-2409.03,3936.13,0,0,18.1568
8279,200,1,1,2741.75,-2105.78,0,0,55.2175
8286,200,1,1,-2764.34,-1706.87,0,0,79.0652
8288,200,1,1,-4966.48,3940.53,0,0,135.448
8290,200,1,1,-3256.17,-4766.28,0,0,64.7786
8292,200,1,1,-4334.6,-2941.64,0,0,14.8536
8295,200,1,1,-1260.38,1348.13,0,0,189.597
8298,200,1,1,-2702.9,4730.41,0,0,175.417
8308,200,1,1,-4962.87,1356.63,0,0,154.291
8309,200,1,1,1386.08,1029.98,0,0,2.6706
8312,200,1,1,4317.33,4098.53,0,0,126.892
8317,200,1,1,-2132.36,-273.089,0,0,25.1688
8324,200,1,1,919.209,1906.24,0,0,104.785
8325,200,1,1,3606.73,-4094.37,0,0,81.2553
8330,200,1,1,2250.82,-4355.24,0,0,104.54
8332,200,1,1,-4971.57,4032.28,0,0,122.677
8335,200,1,1,-1685.28,2307.85,0,0,159.501
8336,200,1,1,3183.33,2897.21,0,0,152.587
8345,200,1,1,4412.86,-2421.12,0,0,197.973
8346,200,1,1,-2129.4,4288.87,0,0,164.007
8356,200,1,1,3058.97,-3026.07,0,0,119.098
8357,200,1,1,32.7824,-500.6,0,0,13.7704
8374,200,1,1,1399.25,-4773.1,0,0,197.405
8381,200,1,1,601.51,3450.3,0,0,82.2478
8387,200,1,1,3085.47,-4718.63,0,0,146.495
8395,200,1,1,-4361.97,1280.62,0,0,18.5616
8396,200,1,1,-1145.84,2954.87,0,0,161.401
8397,200,1,1,2933.22,765.981,0,0,130.448
8399,200,1,1,-4806.61,210.003,0,0,83.1205
8400,200,1,1,-790.174,-1204.5,0,0,44.6194
8402,200,1,1,-4192.2,333.374,0,0,119.579
8407,200,1,1,-3698.38,273.798,0,0,158.147
8409,200,1,1,3330.75,-485.627,0,0,9.61666
8411,200,1,1,1737.27,3068.3,0,0,90.5941
8412,200,1,1,632.152,-3436.77,0,0,121.956
8417,200,1,1,532.821,-1675.94,0,0,146.432
8421,200,1,1,44.1828,-542.992,0,0,72.2898
8424,200,1,1,-2334.25,-3111.48,0,0,185.284
8428,200,1,1,-1430.67,3582.69,0,0,50.0323
8433,200,1,1,-676.654,2130.23,0,0,20.4999
8435,200,1,1,2504.99,41.0732,0,0,22.5498
8439,200,1,1,698.71,-4309.98,0,0,64.5339
8445,200,1,1,-1400.74,2904.3,0,0,178.303
8446,200,1,1,-3913.4,3056.49,0,0,14.7117
8454,200,1,1,-4169.4,-2660.77,0,0,170.814
8457,200,1,1,-3735.94,3452.91,0,0,3.89589
8459,200,1,1,-491.863,4017.56,0,0,18.9952
8460,200,1,1,-4234.49,-2905.01,0,0,118.593
8466,200,1,1,3711.1,-4918.72,0,0,39.0703
8471,200,1,1,-4212.25,-3110.48,0,0,87.779
8478,200,1,1,1255.37,3693.79,0,0,151.54
8483,200,1,1,455.663,2446.94,0,0,38.1985
8485,200,1,1,-289.708,4292.14,0,0,36.4662
8488,200,1,1,3500.3,2955.36,0,0,161.196
8511,200,1,1,4804.14,3364.03,0,0,24.9702
8514,200,1,1,1658.3,159.634,0,0,24.8268
8518,200,1,1,528.145,2234.32,0,0,138.783
8520,200,1,1,4899.41,-3935.5,0,0,78.792
8522,200,1,1,4979.87,3882.31,0,0,25.5796
8526,200,1,1,4395.97,4864.57,0,0,174.076
8527,200,1,1,1857.79,-889.817,0,0,175.877
8536,200,1,1,1565.18,-3601.05,0,0,28.2353
8538,200,1,1,3664.8,-3594.46,0,0,133.923
8548,200,1,1,94.2752,298.997,0,0,23.7346
8562,200,1,1,-1045.6,-4559.93,0,0,163.999
8573,200,1,1,-75.158,1981.16,0,0,73.9436
8576,200,1,1,4722.54,-924.232,0,0,76.0418
8579,200,1,1,-3573.03,2395.58,0,0,164.873
8583,200,1,1,1892.93,-3555.23,0,0,76.6424
8585,200,1,1,-4753.61,1829.34,0,0,32.7054
8591,200,1,1,-4986.22,2764.71,0,0,131.485
8592,200,1,1,-4004.94,-2854.88,-41.8338,46.6466,32.9261
8601,200,1,1,667.255,-3567.51,0,0,129.625
8602,200,1,1,3029.88,-1955.32,0,0,117.649
8603,200,1,1,4582.5,-586.6,0,0,65.2723
8605,200,1,1,480.466,-4437.18,0,0,103.163
8609,200,1,1,2565.02,-482.141,0,0,157.613
8612,200,1,1,3581.83,-1915.89,0,0,20.774
8617,200,1,1,1242.15,-3185.92,0,0,80.1895
8618,200,1,1,639.698,-4875.27,0,0,25.8794
8620,200,1,1,-4115.05,-3738.66,0,0,126.548
8624,200,1,1,-2835.71,2858.38,0,0,10.6537
8626,200,1,1,2668.95,-2075.77,0,0,114.089
8628,200,1,1,3076.1,4298.01,0,0,33.9206
8632,200,1,1,4306.32,3472.68,0,0,37.6894
8634,200,1,1,-3170.05,2795.11,0,0,76.5121
8637,200,1,1,1105.7,-4454.98,0,0,60.5694
8640,200,1,1,-3413.35,-1053.55,0,0,112.192
8641,200,1,1,-4947.94,-1630.46,0,0,159.311
8643,200,1,1,-3244.71,-2296.07,0,0,45.8672
8645,200,1,1,2385.3,-2.75577,0,0,70.8433
8648,200,1,1,-3421.56,-3419.13,0,0,130.272
8651,200,1,1,-2105.09,2737.72,0,0,91.6915
8655,200,1,1,-1988.82,1826.87,0,0,55.6864
8657,200,1,1,4534.4,4847.71,0,0,61.7934
8668,200,1,1,877.511,3990.71,0,0,111.691
8673,200,1,1,-3108.28,3117.92,0,0,90.3003
8675,200,1,1,-2291.52,3295.42,0,0,119.277
8677,200,1,1,3543.23,1439.19,0,0,51.2165
8680,200,1,1,-1398.96,-2769.99,0,0,50.0696
8691,200,1,1,2394.07,3245.47,0,0,194.832
8694,200,1,1,2464.95,3652.28,0,0,85.5444
8698,200,1,1,1190.3,-93.3052,0,0,28.8937
8703,200,1,1,-1711.85,2723.07,0,0,19.8349
8706,200,1,1,-4136.16,-4286.12,0,0,50.8396
8714,200,1,1,-3903.55,3166.41,0,0,173.305
8718,200,1,1,-2989.25,-213.716,0,0,92.4376
8725,200,1,1,-2398.63,2227.71,0,0,142.289
8726,200,1,1,1839.98,-3444.56,0,0,149.138
8731,200,1,1,3664.98,-3712.49,0,0,114.52
8737,200,1,1,-4440.86,-2872.22,0,0,177.923
8740,200,1,1,-4685.61,574.297,0,0,83.3024
8755,200,1,1,-2362.79,-990.208,0,0,22.357
8756,200,1,1,-4353.31,2411.7,0,0,143.135
8762,200,1,1,47.7782,-4574.6,0,0,137.097
8764,200,1,1,-3198.55,-2657.33,0,0,46.0904
8767,200,1,1,-697.265,740.383,0,0,85.991
8768,200,1,1,1665.19,3271.27,0,0,133.802
8770,200,1,1,-3229.09,-1726.45,0,0,83.5131
8771,200,1,1,-3432.35,1393.7,0,0,3.51942
8772,200,1,1,-1962.21,1172,0,0,32.5493
8773,200,1,1,-4128.29,3540.72,0,0,71.8665
8780,200,1,1,-3860.87,-3155.88,0,0,107.584
8781,200,1,1,-1728.82,3944.59,0,0,174.03
8786,200,1,1,-4401,3609.81,0,0,98.7025
8792,200,1,1,-4362.93,-4447.56,0,0,68.617
8793,200,1,1,4740.69,-1781.67,0,0,22.0297
8797,200,1,1,-273.747,-1860.23,0,0,112.222
8811,200,1,1,-2502.11,-1282.26,0,0,10.8319
8813,200,1,1,3514.47,-1255.02,0,0,149.59
8824,200,1,1,-4939.41,1228.44,0,0,89.5269
8828,200,1,1,-519.302,4163.78,0,0,36.563
8829,200,1,1,2485.59,1632.49,0,0,113.528
8840,200,1,1,-1412.19,2605.34,0,0,95.6681
8853,200,1,1,-1088.6,-2606.02,0,0,102.295
8855,200,1,1,-4457.26,3603.27,0,0,59.2802
8861,200,1,1,-294.556,-3086.48,0,0,151.314
8862,200,1,1,1329.65,-2732.9,0,0,38.4767
8865,200,1,1,4283.93,2273.86,0,0,68.1601
8868,200,1,1,4981.07,4702.41,0,0,84.0866
8881,200,1,1,417.252,4680.37,0,0,96.7638
8883,200,1,1,2120.37,1243.21,0,0,61.9949
8886,200,1,1,4464.62,3349.85,0,0,70.3567
8891,200,1,1,4721.69,337.639,0,0,185.603
8898,200,1,1,-2474.94,-4512,0,0,51.6698
8900,200,1,1,1542.93,-663.677,0,0,56.7069
8906,200,1,1,1322.17,-2265.34,0,0,47.9989
8921,200,1,1,4260.16,3162.04,0,0,79.6726
8930,200,1,1,2747.87,-294.369,0,0,139.772
8933,200,1,1,-1236.47,3134.54,0,0,149.384
8935,200,1,1,-2205.8,71.2624,0,0,183.863
8937,200,1,1,3398.37,1239.82,0,0,124.265
8949,200,1,1,-3709.84,-2538.97,0,0,98.0927
8954,200,1,1,-1970.31,313.362,0,0,166.798
8955,200,1,1,-969.201,1570.83,0,0,189.781
8957,200,1,1,1559.14,-2020.89,0,0,46.9067
8961,200,1,1,4719.7,-4629.2,0,0,165.991
8964,200,1,1,-1547.76,75.6788,0,0,160.739
8971,200,1,1,4586.37,2247.64,0,0,114.405
8974,200,1,1,1348.64,3506.41,0,0,154.847
8978,200,1,1,3414.46,-400.56,0,0,113.162
8980,200,1,1,-4307.84,1240.16,0,0,66.607
8981,200,1,1,-2058.78,-2162.06,0,0,127.535
8984,200,1,1,-4010.31,-3777.15,0,0,1.93902
8989,200,1,1,1869.21,-1803.27,0,0,41.0685
8993,200,1,1,-1904.47,1665.07,0,0,175.175
8995,200,1,1,-3162.42,829.521,0,0,2.09269
9001,200,1,1,-3677.74,2754.47,0,0,62.6293
9006,200,1,1,-3093.52,1030.8,0,0,25.4244
9007,200,1,1,2478.85,3225.94,0,0,113.48
9010,200,1,1,-875.157,3823.05,0,0,193.886
9013,200,1,1,-3288.25,-1837.17,0,0,193.147
9022,200,1,1,766.139,2736,-27.6226,-11.2242,105.654
9023,200,1,1,3882.61,-1845.3,0,0,151.465
9024,200,1,1,-459.733,-3569.6,0,0,196.628
9036,200,1,1,-4216.22,433.943,0,0,104.606
9043,200,1,1,4509.61,4196.07,0,0,3.7651
9044,200,1,1,2855.07,-284.108,0,0,127.838
9046,200,1,1,3745.04,-3109.68,0,0,21.804
9051,200,1,1,-4161.16,4633.79,0,0,174.326
9053,200,1,1,-4811.41,1009.84,0,0,166.128
9059,200,1,1,960.71,4234.29,0,0,117.772
9070,200,1,1,-4124.76,-1485.42,0,0,143.458
9072,200,1,1,1896.07,2507.71,0,0,45.6164
9074,200,1,1,1828.71,-747.698,0,0,9.1422
9076,200,1,1,-1854.1,-4485.24,0,0,122.82
9079,200,1,1,4477.8,-3239.18,0,0,99.9292
9082,200,1,1,-3612.98,-4206.62,0,0,157.342
9087,200,1,1,946.898,-4716.91,0,0,91.8967
9099,200,1,1,-1392.24,4478.2,0,0,75.7737
9101,200,1,1,-4839.32,-3948.3,0,0,103.802
9105,200,1,1,-4423.95,-2878.43,0,0,119.152
9109,200,1,1,-2219.87,4428.8,0,0,159.589
9140,200,1,1,-4403.97,-1729.55,0,0,150.543
9142,200,1,1,-588.073,4449.81,0,0,83.0165
9145,200,1,1,1515.88,-3153.54,0,0,33.5517
9150,200,1,1,-3463.74,1678.27,0,0,199.156
9152,200,1,1,4896.69,-304.067,0,0,31.4071
9156,200,1,1,-1371.89,-1288.26,0,0,165.563
9162,200,1,1,797.453,-3084.16,0,0,152.768
9163,200,1,1,3234.92,4228.19,0,0,58.6637
9168,200,1,1,1186.55,-1073.58,0,0,176.263
9170,200,1,1,-4797.88,-3067.31,0,0,65.1762
9175,200,1,1,2478.4,-4505.1,0,0,179.2
9177,200,1,1,720.775,-1033.15,0,0,103.333
9178,200,1,1,-962.611,-4348.61,0,0,23.5098
9179,200,1,1,-164.87,4645.31,0,0,49.991
9190,200,1,1,2145.78,-4670.83,0,0,124.279
9194,200,1,1,-3239.54,1720.21,0,0,129.281
9210,200,1,1,690.916,-2834.85,0,0,141.92
9215,200,1,1,3422.33,4670.51,0,0,140.252
9223,200,1,1,-1078.96,-3640.9,0,0,88.7514
9227,200,1,1,4721.4,1557.3,0,0,192.409
9229,200,1,1,-4024.8,-2623.57,0,0,68.6997
9230,200,1,1,-4398.43,-851.553,0,0,82.8015
9238,200,1,1,-3261.52,2293.04,0,0,8.81412
9240,200,1,1,-4693.84,-3190.11,0,0,83.0869
9248,200,1,1,4489.56,2587.39,0,0,60.7369
9250,200,1,1,108.53,-2641.06,0,0,98.0047
9252,200,1,1,2282.8,-4032.26,0,0,108.789
9257,200,1,1,-3315.86,4918.39,0,0,16.4427
9258,200,1,1,4652.91,-2487.16,0,0,185.775
9263,200,1,1,-3976.78,-3608.74,0,0,17.6187
9275,200,1,1,-932.59,461.38,0,0,185.281
9276,200,1,1,259.379,3050.63,0,0,40.0463
9281,200,1,1,-1566.35,1891.03,0,0,41.1627
9296,200,1,1,710.906,-4580.87,0,0,3.70002
9299,200,1,1,1895.58,4744.03,0,0,112.026
9300,200,1,1,310.137,-2763.45,0,0,158.097
9308,200,1,1,1599.99,-1325.5,0,0,155.818
9310,200,1,1,316.033,1436.59,0,0,176.61
9313,200,1,1,1030.35,-4675.7,0,0,100.306
9315,200,1,1,3913.01,-2098.8,0,0,73.569
9319,200,1,1,-414.28,4615.41,0,0,6.63744
9328,200,1,1,-666.51,921.993,0,0,89.3779
9332,200,1,1,-3057.04,2423.26,0,0,38.8213
9336,200,1,1,-3903.78,-3428.44,0,0,87.4122
9337,200,1,1,4480.85,4485.07,0,0,11.4332
9342,200,1,1,3549.32,35.0141,0,0,11.1366
9346,200,1,1,2690.34,-324.565,0,0,164.725
9351,200,1,1,-4565.36,716.402,0,0,76.5757
9361,200,1,1,2200.44,2664.65,0,0,16.0384
9366,200,1,1,3228.74,1020.33,0,0,109.034
9369,200,1,1,-2669.92,-1660.38,0,0,8.11091
9370,200,1,1,1166.95,1116.29,0,0,8.69692
9371,200,1,1,5.96483,4989.97,0,0,87.3557
9380,200,1,1,-4947.68,-2118.95,0,0,48.4148
9386,200,1,1,-2550.46,-1672.92,0,0,120.11
9393,200,1,1,-4248.03,-2848.44,0,0,23.2466
9394,200,1,1,726.773,-3362.28,0,0,184.029
9395,200,1,1,-4855.72,1145.85,0,0,9.83242
9404,200,1,1,-4207.23,-1066.38,0,0,123.197
9405,200,1,1,-3376.49,3510.4,0,0,118.154
9406,200,1,1,2347.42,-4394.63,0,0,170.65
9408,200,1,1,2962.52,-2262.6,0,0,29.3895
9409,200,1,1,3640.09,-2970.34,0,0,59.3513
9411,200,1,1,2258.55,4341.1,0,0,113.235
9416,200,1,1,4258.92,-1752.3,0,0,106.409
9419,200,1,1,2304.02,-4021.2,0,0,119.257
9438,200,1,1,-4987.33,4357.1,0,0,4.03408
9440,200,1,1,-1043.88,-953.611,0,0,122.991
9449,200,1,1,-3315.46,4438.64,0,0,197.163
9450,200,1,1,159.358,3830.42,0,0,104.87
9458,200,1,1,-4111.62,2733.7,0,0,16.8595
9462,200,1,1,4877.32,4431.24,0,0,195.815
9464,200,1,1,-1813.76,3834.9,0,0,9.72346
9465,200,1,1,2793.51,1001.91,0,0,125.971
9466,200,1,1,-2109.4,-2222.26,21.7361,89.9494,106.789
9467,200,1,1,-3654.93,1189.3,0,0,152.819
9470,200,1,1,1408.07,-4815.49,0,0,99.3516
9472,200,1,1,3073.8,-4175.02,0,0,131.46
9474,200,1,1,2660.09,-665.682,0,0,120.577
9477,200,1,1,2547.55,2275.6,0,0,49.586
9479,200,1,1,-4819.24,-1371.14,0,0,178.103
9484,200,1,1,1089.25,756.835,0,0,184.76
9487,200,1,1,-1662.33,-1034.95,0,0,93.0638
9489,200,1,1,2279.99,-2235.78,0,0,80.488
9491,200,1,1,2821.7,-3323.07,0,0,198.934
9495,200,1,1,3787.91,3734.89,0,0,109.071
9496,200,1,1,4900.19,-2276.58,0,0,199.869
9499,200,1,1,3759.03,2899.68,0,0,2.15248
9504,200,1,1,-3470.86,149.322,0,0,145.819
9511,200,1,1,-4979.37,4967.28,0,0,7.40959
9513,200,1,1,-2656.57,-4375.8,0,0,11.0498
9519,200,1,1,-3950.77,973.096,0,0,6.72553
9524,200,1,1,1619.24,2827.93,0,0,176.297
9532,200,1,1,2401.76,-3515.18,0,0,103.377
9533,200,1,1,1135.08,1942.83,0,0,89.2527
9537,200,1,1,-4131.53,1303.37,0,0,66.0704
9540,200,1,1,3736.86,-492.159,0,0,63.6858
9541,200,1,1,577.269,627.649,0,0,105.013
9544,200,1,1,-2455.57,-609.964,0,0,44.9698
9545,200,1,1,4486.75,1209.19,0,0,142.391
9546,200,1,1,1245.71,2116.83,0,0,184.239
9550,200,1,1,-1603.99,3729.87,0,0,10.4155
9556,200,1,1,1979.58,4623.77,123.533,-2.40719,180.488
9562,200,1,1,3544.77,-3138.18,0,0,60.9759
9564,200,1,1,856.948,4489.76,0,0,58.1471
9565,200,1,1,4147.03,3740.42,0,0,27.6427
9567,200,1,1,-1944.23,-787.203,0,0,4.04094
9571,200,1,1,4891.71,2020.4,-42.9141,-232.217,114.751
9574,200,1,1,-1620.48,50.4099,0,0,174.612
9575,200,1,1,-1523.72,-3349.24,0,0,28.7403
9577,200,1,1,-716.961,-1321.37,0,0,131.243
9578,200,1,1,-3155.09,949.348,0,0,34.4448
9581,200,1,1,-4084.39,-2983.53,0,0,118.016
9587,200,1,1,-2232.37,-2031.55,0,0,124.831
9592,200,1,1,2444.24,2937.96,0,0,43.6885
9598,200,1,1,-2837.95,-4149.92,0,0,194.965
9599,200,1,1,-1434.6,-2059.2,0,0,161.165
9604,200,1,1,-4162.48,4953.71,0,0,62.7576
9606,200,1,1,-3011.49,2885.37,0,0,70.0366
9614,200,1,1,3789.47,1874.94,0,0,123.036
9619,200,1,1,4148.89,-2603.5,0,0,193.491
9623,200,1,1,657.565,390.855,0,0,145.71
9629,200,1,1,-4261.54,-4620.97,0,0,182.95
9632,200,1,1,3591.04,2887.85,0,0,11.9836
9633,200,1,1,-2282.77,-4718.86,0,0,73.238
9637,200,1,1,4087.47,-1783.64,0,0,71.6474
9641,200,1,1,1709.82,4560.26,0,0,160.689
9643,200,1,1,1109.24,-1855.22,0,0,168.166
9649,200,1,1,3243.94,4047.78,0,0,163.122
9652,200,1,1,-280.296,313.082,0,0,9.33142
9654,200,1,1,3801.19,2911.74,0,0,7.23211
9659,200,1,1,-836.465,-3565.04,0,0,16.9682
9664,200,1,1,-4520.08,1501.45,0,0,4.27572
9666,200,1,1,-2987.09,1324.13,0,0,166.061
9667,200,1,1,1740.76,-3143.73,0,0,140.466
9676,200,1,1,-3541.99,-2471.47,0,0,101.536
9682,200,1,1,42.0872,4005.68,0,0,89.6402
9684,200,1,1,3895.02,-327.785,0,0,107.45
9685,200,1,1,4415.59,1925.9,0,0,44.994
9689,200,1,1,-1139.82,2610.47,0,0,141.835
9692,200,1,1,4697.68,1395.38,0,0,125.345
9695,200,1,1,-4878.95,-3576.91,0,0,86.1959
9696,200,1,1,-2243.03,-1085.19,0,0,17.0122
9700,200,1,1,2311.51,-2204.95,0,0,5.90181
9702,200,1,1,-4999.5,-1255.04,0,0,188.414
9708,200,1,1,-3146.53,4808.12,0,0,1.17808
9716,200,1,1,-2977.14,4201.56,0,0,12.4501
9717,200,1,1,-3114.9,4180.57,0,0,190.723
9721,200,1,1,-3716,1088.55,0,0,90.1559
9724,200,1,1,3078.93,806.004,0,0,195.515
9725,200,1,1,-2374.51,2892.78,0,0,117.475
9726,200,1,1,-546.496,3559.14,0,0,183.395
9728,200,1,1,-3496.41,1498.55,0,0,36.2491
9729,200,1,1,-1920.14,-88.0433,0,0,65.2836
9730,200,1,1,4058.19,1213.46,0,0,74.8123
9734,200,1,1,3107.53,4369.56,0,0,25.3944
9743,200,1,1,1631.17,-3064.06,0,0,192.085
9745,200,1,1,-2601.33,-1208.77,0,0,37.8546
9755,200,1,1,4736.47,4088.21,0,0,187.072
9767,200,1,1,410.811,3836.5,0,0,4.35392
9776,200,1,1,350.307,-4829.88,0,0,36.6728
9793,200,1,1,-500.148,-4519.15,0,0,62.5892
9795,200,1,1,850.924,2443.17,0,0,60.8172
9798,200,1,1,-2147.6,2408.57,0,0,53.8558
9801,200,1,1,1431.62,2195.03,0,0,13.0742
9803,200,1,1,-2409.01,2234.31,0,0,6.02024
9807,200,1,1,-4121.05,1194.7,0,0,104.257
9808,200,1,1,1530.32,999.059,0,0,116.688
9817,200,1,1,-229.118,-1002.63,0,0,147.356
9824,200,1,1,40.7019,2835.94,0,0,79.3084
9827,200,1,1,2559.35,3035.11,0,0,65.6359
9831,200,1,1,-1556.6,-4562.22,0,0,88.2777
9833,200,1,1,-333.267,-2711.37,0,0,20.2437
9835,200,1,1,-1705.14,-3126.55,0,0,16.915
9850,200,1,1,916.222,2244.49,0,0,117.391
9851,200,1,1,1246.4,-520.21,0,0,3.07021
9859,200,1,1,-1517.31,863.312,0,0,120.111
9861,200,1,1,2235.38,2261.88,0,0,147.694
9867,200,1,1,-2209.06,790.8,0,0,2.46345
9870,200,1,1,4683.01,2646.03,0,0,154.743
9876,200,1,1,-3590.43,-2893.38,0,0,154.96
9878,200,1,1,-14.1273,-346.971,0,0,71.9556
9882,200,1,1,-4118.54,-1896.39,0,0,193.037
9884,200,1,1,987.685,-1460.72,0,0,116.742
9893,200,1,1,-3650.34,-1747.02,0,0,127.464
9895,200,1,1,2319.13,-3560.67,0,0,10.6587
9898,200,1,1,1303.34,-4196.23,0,0,38.4573
9902,200,1,1,-3921.41,2443.3,0,0,170.952
9905,200,1,1,157.584,215.003,0,0,135.957
9906,200,1,1,-615.858,-2219.88,0,0,119.389
9907,200,1,1,4227.08,-3834.85,0,0,44.67
9908,200,1,1,-358.824,4776.24,0,0,32.0004
9910,200,1,1,-3984.33,-972.111,0,0,77.3067
9912,200,1,1,-2233.54,4521.38,0,0,110.871
9916,200,1,1,-2062.22,2982.6,0,0,161.748
9917,200,1,1,-2979.25,-1064.57,0,0,92.628
9929,200,1,1,958.539,-2719.96,0,0,91.1299
9935,200,1,1,-387.847,2553.15,0,0,138.205
9936,200,1,1,695.362,-531.83,0,0,125.587
9941,200,1,1,700.513,3780.05,0,0,51.5019
9945,200,1,1,-2864.72,4980.83,0,0,0.734853
9946,200,1,1,-1798.02,4075.09,0,0,11.9882
9958,200,1,1,-2152.88,-576.412,-26.9721,-7.96358,164.31
9961,200,1,1,-2167.39,4831.82,0,0,110.397
9965,200,1,1,2873.24,-273.857,0,0,0.56762
9975,200,1,1,3562.76,-2629.71,0,0,139.937
9982,200,1,1,-4422.65,-3181.69,0,0,100.967
9985,200,1,1,-1255.58,4096.68,0,0,45.2359
9995,200,1,1,1474.02,-616.071,0,0,58.9039
9998,200,1,1,-215.803,1203.88,0,0,43.5192
